{
  "problem_text": "Find the variable of d to the nearest tenth. Assume that segments that appear to be tangent are tangent.",
  "choices": [
    "12.8",
    "14.7",
    "16.9",
    "18.2"
  ],
  "answer": "C",
  "detailed_solution": " ",
  "problem_type_graph": [
    "Circle"
  ],
  "problem_type_goal": [
    "Length"
  ],
  "source": "textbook1_chapter_10.pdf",
  "comment": "",
  "id": 1058,
  "annot_id": "pan_2020-03-27_21_22_28",
  "is_standard": false,
  "compact_choices": [
    "12.8",
    "14.7",
    "16.9",
    "18.2"
  ],
  "precise_value": [
    12.8,
    14.7,
    16.9,
    18.2
  ],
  "rough_value": [
    12.8,
    14.7,
    16.9,
    18.2
  ],
  "compact_text": "Find the variable of d to the nearest tenth. Assume that segments that appear to be tangent are tangent.",
  "annotat_text": "Find the variable of $d$ to the nearest tenth. Assume that segments that appear to be tangent are tangent.",
  "unit": "",
  "img_width": 321,
  "img_height": 235,
  "data_type": "train",
  "date": "Fri Sep 18 22:23:14 2020",
  "system": "linux"
}