{
  "problem_text": "Find x.",
  "choices": [
    "2 \\sqrt { 6 }",
    "4 \\sqrt { 6 }",
    "\\frac { 32 } { 3 }",
    "\\frac { 50 } { 3 }"
  ],
  "answer": "D",
  "detailed_solution": " ",
  "problem_type_graph": [
    "Triangle"
  ],
  "problem_type_goal": [
    "Length"
  ],
  "source": "textbook2_chapter7.pdf page 7",
  "comment": "",
  "id": 1144,
  "annot_id": "Ran_2020-03-22_03_40_42",
  "is_standard": false,
  "compact_choices": [
    "2\\sqrt{6}",
    "4\\sqrt{6}",
    "\\frac{32}{3}",
    "\\frac{50}{3}"
  ],
  "precise_value": [
    4.898979485566356,
    9.797958971132712,
    10.666666666666666,
    16.666666666666668
  ],
  "rough_value": [
    4.9,
    9.8,
    10.67,
    16.67
  ],
  "compact_text": "Find x.",
  "annotat_text": "Find x",
  "unit": "",
  "img_width": 350,
  "img_height": 218,
  "data_type": "train",
  "date": "Fri Sep 18 22:23:14 2020",
  "system": "linux"
}