{
  "text_logic_form": [
    "Tangent(Line($),Circle($))",
    "Find(x)"
  ],
  "dissolved_text_logic_form": [
    "Find(x)"
  ],
  "diagram_logic_form": [
    "Equals(LengthOf(Line(B, F)), 7)",
    "Equals(LengthOf(Line(F, D)), 3)",
    "Equals(LengthOf(Line(A, F)), 2)",
    "Equals(LengthOf(Line(F, C)), x)",
    "PointLiesOnLine(F, Line(A, B))",
    "PointLiesOnLine(F, Line(C, D))",
    "PointLiesOnCircle(A, Circle(E, radius_4_0))",
    "PointLiesOnCircle(B, Circle(E, radius_4_0))",
    "PointLiesOnCircle(C, Circle(E, radius_4_0))",
    "PointLiesOnCircle(D, Circle(E, radius_4_0))"
  ],
  "line_instances": [
    "AB",
    "AF",
    "BF",
    "CD",
    "FC",
    "FD"
  ],
  "point_positions": {
    "A": [
      168.0,
      88.0
    ],
    "B": [
      13.0,
      39.0
    ],
    "C": [
      123.0,
      160.0
    ],
    "D": [
      130.0,
      14.0
    ],
    "E": [
      83.0,
      85.0
    ],
    "F": [
      127.0,
      75.0
    ]
  },
  "circle_instances": [
    "E"
  ]
}