{
  "problem_text": "A C D F \\sim V W Y Z. Find y.",
  "choices": [
    "3",
    "5",
    "6",
    "9"
  ],
  "answer": "A",
  "detailed_solution": " ",
  "problem_type_graph": [
    "Trapezoid"
  ],
  "problem_type_goal": [
    "Length"
  ],
  "source": "textbook1_chapter_7.pdf",
  "comment": "! two subgraph",
  "id": 1071,
  "annot_id": "Shibiao_2020-03-22_09_21_21",
  "is_standard": false,
  "compact_choices": [
    "3",
    "5",
    "6",
    "9"
  ],
  "precise_value": [
    3.0,
    5.0,
    6.0,
    9.0
  ],
  "rough_value": [
    3,
    5,
    6,
    9
  ],
  "compact_text": "ACDF \\sim VWYZ. Find y.",
  "annotat_text": "$ACDF \\sim VWYZ$. Find $y$.",
  "unit": "",
  "img_width": 554,
  "img_height": 680,
  "data_type": "train",
  "date": "Fri Sep 18 22:23:14 2020",
  "system": "linux"
}