{
  "problem_text": "H K and I G are diameters of \\odot L. Find m \\widehat H I.",
  "choices": [
    "31",
    "59",
    "65",
    "135"
  ],
  "answer": "B",
  "detailed_solution": " ",
  "problem_type_graph": [
    "Circle"
  ],
  "problem_type_goal": [
    "Angle"
  ],
  "source": "textbook1_chapter_10.pdf",
  "comment": "",
  "id": 1159,
  "annot_id": "Shibiao_2020-03-27_12_02_26",
  "is_standard": false,
  "compact_choices": [
    "31",
    "59",
    "65",
    "135"
  ],
  "precise_value": [
    31.0,
    59.0,
    65.0,
    135.0
  ],
  "rough_value": [
    31,
    59,
    65,
    135
  ],
  "compact_text": "HK and IG are diameters of \\odot L. Find m \\widehat HI.",
  "annotat_text": "$\\overline{HK}$ and $\\overline{IG}$ are diameters of $\\odot L$. Find $m \\widehat {HI}$.",
  "unit": "",
  "img_width": 510,
  "img_height": 492,
  "data_type": "train",
  "date": "Fri Sep 18 22:23:14 2020",
  "system": "linux"
}