{
  "problem_text": "Find z.",
  "choices": [
    "2 \\sqrt { 3 }",
    "6",
    "6 \\sqrt { 2 }",
    "6 \\sqrt { 3 }"
  ],
  "answer": "D",
  "detailed_solution": " ",
  "problem_type_graph": [
    "Triangle"
  ],
  "problem_type_goal": [
    "Length"
  ],
  "source": "textbook1_chapter_8.pdf",
  "comment": "",
  "id": 1171,
  "annot_id": "pan_2020-03-24_04_17_37",
  "is_standard": false,
  "compact_choices": [
    "2\\sqrt{3}",
    "6",
    "6\\sqrt{2}",
    "6\\sqrt{3}"
  ],
  "precise_value": [
    3.4641016151377544,
    6.0,
    8.485281374238571,
    10.392304845413264
  ],
  "rough_value": [
    3.46,
    6,
    8.49,
    10.39
  ],
  "compact_text": "Find z.",
  "annotat_text": "Find z.",
  "unit": "",
  "img_width": 834,
  "img_height": 299,
  "data_type": "train",
  "date": "Fri Sep 18 22:23:14 2020",
  "system": "linux"
}