{
  "text_logic_form": [
    "Find(z)"
  ],
  "dissolved_text_logic_form": [
    "Find(z)"
  ],
  "diagram_logic_form": [
    "Equals(LengthOf(Line(R, S)), 10)",
    "Equals(LengthOf(Line(R, Q)), 12)",
    "Equals(LengthOf(Line(R, Z)), x)",
    "Equals(LengthOf(Line(A, Z)), y)",
    "Equals(LengthOf(Line(Q, Z)), z)",
    "Equals(MeasureOf(Angle(S, P, A)), 45)",
    "Equals(MeasureOf(Angle(A, Q, R)), 30)",
    "PointLiesOnLine(A, Line(P, Z))",
    "PointLiesOnLine(A, Line(P, Q))",
    "PointLiesOnLine(Z, Line(A, Q))",
    "PointLiesOnLine(Z, Line(P, Q))",
    "Perpendicular(Line(S, A), Line(A, P))",
    "Perpendicular(Line(R, Z), Line(Q, Z))",
    "Parallel(Line(S, R), Line(A, Z))"
  ],
  "line_instances": [
    "AQ",
    "AZ",
    "PA",
    "PQ",
    "PZ",
    "RQ",
    "RZ",
    "SA",
    "SP",
    "SR",
    "ZQ"
  ],
  "point_positions": {
    "A": [
      160.0,
      184.0
    ],
    "P": [
      1.0,
      185.0
    ],
    "Q": [
      730.0,
      183.0
    ],
    "R": [
      420.0,
      6.0
    ],
    "S": [
      160.0,
      8.0
    ],
    "Z": [
      421.0,
      185.0
    ]
  },
  "circle_instances": [
    ""
  ]
}