{
  "problem_text": "Find x. Round the angle measure to the nearest degree.",
  "choices": [
    "30",
    "35",
    "40",
    "45"
  ],
  "answer": "C",
  "detailed_solution": " ",
  "problem_type_graph": [
    "Triangle"
  ],
  "problem_type_goal": [
    "Angle"
  ],
  "source": "textbook1_chapter_8.pdf",
  "comment": "",
  "id": 1191,
  "annot_id": "pan_2020-03-25_23_25_51",
  "is_standard": false,
  "compact_choices": [
    "30",
    "35",
    "40",
    "45"
  ],
  "precise_value": [
    30.0,
    35.0,
    40.0,
    45.0
  ],
  "rough_value": [
    30,
    35,
    40,
    45
  ],
  "compact_text": "Find x. Round the angle measure to the nearest degree.",
  "annotat_text": "Find x. Round the angle measure to the nearest degree.",
  "unit": "",
  "img_width": 223,
  "img_height": 304,
  "data_type": "train",
  "date": "Fri Sep 18 22:23:14 2020",
  "system": "linux"
}