{
  "problem_text": "Find x. Assume that segments that appear to be tangent are tangent.",
  "choices": [
    "8",
    "15",
    "16",
    "17"
  ],
  "answer": "B",
  "detailed_solution": " ",
  "problem_type_graph": [
    "Circle",
    "Triangle"
  ],
  "problem_type_goal": [
    "Length"
  ],
  "source": "textbook2_chapter10.pdf page 37",
  "comment": "",
  "id": 1152,
  "annot_id": "Ran_2020-03-29_03_54_18",
  "is_standard": false,
  "compact_choices": [
    "8",
    "15",
    "16",
    "17"
  ],
  "precise_value": [
    8.0,
    15.0,
    16.0,
    17.0
  ],
  "rough_value": [
    8,
    15,
    16,
    17
  ],
  "compact_text": "Find x. Assume that segments that appear to be tangent are tangent.",
  "annotat_text": "Find x. Assume that segments that appear to be tangent are tangent. ",
  "unit": "",
  "img_width": 310,
  "img_height": 264,
  "data_type": "train",
  "date": "Fri Sep 18 22:23:14 2020",
  "system": "linux"
}