{
  "text_logic_form": [
    "Tangent(Line($),Circle($))",
    "Find(x)"
  ],
  "dissolved_text_logic_form": [
    "Tangent(Line(A, B),Circle(C))",
    "Find(x)"
  ],
  "diagram_logic_form": [
    "Equals(LengthOf(Line(C, A)), 8)",
    "Equals(LengthOf(Line(C, D)), 17)",
    "PointLiesOnLine(E, Line(C, D))",
    "PointLiesOnCircle(E, Circle(C, radius_0_0))",
    "PointLiesOnCircle(A, Circle(C, radius_0_0))"
  ],
  "line_instances": [
    ""
  ],
  "point_positions": {
    "A": [
      77.0,
      12.0
    ],
    "D": [
      209.0,
      2.0
    ],
    "C": [
      89.0,
      104.0
    ],
    "E": [
      159.0,
      43.0
    ]
  },
  "circle_instances": [
    "C"
  ]
}