{
  "problem_text": "The pair of polygons is similar. Find A B.",
  "choices": [
    "3",
    "4",
    "5",
    "6"
  ],
  "answer": "B",
  "detailed_solution": " ",
  "problem_type_graph": [
    "Rectangle"
  ],
  "problem_type_goal": [
    "Length"
  ],
  "source": "textbook2_chapter6.pdf page 55",
  "comment": "",
  "id": 1103,
  "annot_id": "Ran_2020-03-21_08_01_29",
  "is_standard": false,
  "compact_choices": [
    "3",
    "4",
    "5",
    "6"
  ],
  "precise_value": [
    3.0,
    4.0,
    5.0,
    6.0
  ],
  "rough_value": [
    3,
    4,
    5,
    6
  ],
  "compact_text": "The pair of polygons is similar. Find AB.",
  "annotat_text": "The pair of polygons is similar. Find AB",
  "unit": "",
  "img_width": 405,
  "img_height": 249,
  "data_type": "train",
  "date": "Fri Sep 18 22:23:14 2020",
  "system": "linux"
}