{
  "text_logic_form": [
    "Similar(Polygon($1),Polygon($2))",
    "Find(LengthOf(Line(A,B)))"
  ],
  "dissolved_text_logic_form": [
    "Similar(Polygon(A,D,C,B),Polygon(A,G,F,E))",
    "Find(LengthOf(Line(A,B)))"
  ],
  "diagram_logic_form": [
    "Equals(LengthOf(Line(E, B)), 5)",
    "Equals(LengthOf(Line(A, B)), x-2)",
    "Equals(LengthOf(Line(A, D)), x)",
    "Equals(LengthOf(Line(D, G)), 75)",
    "PointLiesOnLine(B, Line(E, A))",
    "PointLiesOnLine(D, Line(A, G))"
  ],
  "line_instances": [
    "AB",
    "AD",
    "AG",
    "BC",
    "DC",
    "DG",
    "EA",
    "EB",
    "EF",
    "FG"
  ],
  "point_positions": {
    "A": [
      2.0,
      156.0
    ],
    "B": [
      1.0,
      85.0
    ],
    "C": [
      99.0,
      88.0
    ],
    "D": [
      100.0,
      155.0
    ],
    "E": [
      0.0,
      0.0
    ],
    "F": [
      229.0,
      1.0
    ],
    "G": [
      228.0,
      154.0
    ]
  },
  "circle_instances": [
    ""
  ]
}