{
  "problem_text": "Find x so that the quadrilateral is a parallelogram.",
  "choices": [
    "11",
    "14",
    "77",
    "98"
  ],
  "answer": "A",
  "detailed_solution": " ",
  "problem_type_graph": [
    "Parallelogram"
  ],
  "problem_type_goal": [
    "Angle"
  ],
  "source": "textbook1_chapter6.pdf page 28",
  "comment": "",
  "id": 1208,
  "annot_id": "Ran_2020-03-18_22_33_33",
  "is_standard": false,
  "compact_choices": [
    "11",
    "14",
    "77",
    "98"
  ],
  "precise_value": [
    11.0,
    14.0,
    77.0,
    98.0
  ],
  "rough_value": [
    11,
    14,
    77,
    98
  ],
  "compact_text": "Find x so that the quadrilateral is a parallelogram.",
  "annotat_text": "Find $x$ so that the quadrilateral is a parallelogram",
  "unit": "",
  "img_width": 630,
  "img_height": 270,
  "data_type": "train",
  "date": "Fri Sep 18 22:23:14 2020",
  "system": "linux"
}