{
  "text_logic_form": [
    "Parallelogram($)",
    "Find(x)"
  ],
  "dissolved_text_logic_form": [
    "Parallelogram(D,C,B,A)",
    "Find(x)"
  ],
  "diagram_logic_form": [
    "Equals(MeasureOf(Angle(C, D, A)), 8x-8)",
    "Equals(MeasureOf(Angle(B, C, D)), 7y+2)",
    "Equals(MeasureOf(Angle(C, D, A)), 6y+16)",
    "Equals(MeasureOf(Angle(A, B, C)), 6x+14)"
  ],
  "line_instances": [
    "AB",
    "AD",
    "BC",
    "DC"
  ],
  "point_positions": {
    "A": [
      124.0,
      163.0
    ],
    "B": [
      541.0,
      165.0
    ],
    "C": [
      416.0,
      2.0
    ],
    "D": [
      2.0,
      0.0
    ]
  },
  "circle_instances": [
    ""
  ]
}