{
  "problem_text": "Find the area of the shaded sector. Round to the nearest tenth.",
  "choices": [
    "7.4",
    "21.4",
    "42.9",
    "50.3"
  ],
  "answer": "A",
  "detailed_solution": " ",
  "problem_type_graph": [
    "Circle"
  ],
  "problem_type_goal": [
    "Area"
  ],
  "source": "textbook1_chapter_11.pdf",
  "comment": "",
  "id": 1211,
  "annot_id": "pan_2020-03-23_02_50_02",
  "is_standard": false,
  "unit": "ft^2",
  "compact_choices": [
    "7.4",
    "21.4",
    "42.9",
    "50.3"
  ],
  "precise_value": [
    7.4,
    21.4,
    42.9,
    50.3
  ],
  "rough_value": [
    7.4,
    21.4,
    42.9,
    50.3
  ],
  "compact_text": "Find the area of the shaded sector. Round to the nearest tenth.",
  "annotat_text": "Find the area of the shaded sector. Round to the nearest tenth.",
  "img_width": 268,
  "img_height": 272,
  "data_type": "train",
  "date": "Fri Sep 18 22:23:14 2020",
  "system": "linux"
}