{
  "problem_text": "Find x.",
  "choices": [
    "9",
    "9 \\sqrt { 2 }",
    "9 \\sqrt { 3 }",
    "18 \\sqrt { 2 }"
  ],
  "answer": "B",
  "detailed_solution": " ",
  "problem_type_graph": [
    "Triangle"
  ],
  "problem_type_goal": [
    "Length"
  ],
  "source": "textbook1_chapter_8.pdf",
  "comment": "",
  "id": 1167,
  "annot_id": "pan_2020-03-24_03_24_51",
  "is_standard": false,
  "compact_choices": [
    "9",
    "9\\sqrt{2}",
    "9\\sqrt{3}",
    "18\\sqrt{2}"
  ],
  "precise_value": [
    9.0,
    12.727922061357857,
    15.588457268119894,
    25.455844122715714
  ],
  "rough_value": [
    9,
    12.73,
    15.59,
    25.46
  ],
  "compact_text": "Find x.",
  "annotat_text": "Find x.",
  "unit": "",
  "img_width": 297,
  "img_height": 285,
  "data_type": "train",
  "date": "Fri Sep 18 22:23:14 2020",
  "system": "linux"
}