{
  "problem_text": "Find m \\angle S.",
  "choices": [
    "68",
    "80",
    "123",
    "125"
  ],
  "answer": "C",
  "detailed_solution": " ",
  "problem_type_graph": [
    "Other"
  ],
  "problem_type_goal": [
    "Angle"
  ],
  "source": "textbook1_chapter6.pdf page 9",
  "comment": "",
  "id": 1005,
  "annot_id": "Ran_2020-03-15_04_16_21",
  "is_standard": false,
  "compact_choices": [
    "68",
    "80",
    "123",
    "125"
  ],
  "precise_value": [
    68.0,
    80.0,
    123.0,
    125.0
  ],
  "rough_value": [
    68,
    80,
    123,
    125
  ],
  "compact_text": "Find m \\angle S.",
  "annotat_text": "Find $m\\angle S$",
  "unit": "",
  "img_width": 523,
  "img_height": 372,
  "data_type": "train",
  "date": "Fri Sep 18 22:23:14 2020",
  "system": "linux"
}