{
  "text_logic_form": [
    "Find(MeasureOf(Angle(S)))"
  ],
  "dissolved_text_logic_form": [
    "Find(MeasureOf(Angle(S)))"
  ],
  "diagram_logic_form": [
    "Equals(MeasureOf(Angle(S, T, Q)), x)",
    "Equals(MeasureOf(Angle(T, Q, R)), 2x+5)",
    "Equals(MeasureOf(Angle(R, S, T)), 2x+7)",
    "Equals(MeasureOf(Angle(Q, R, S)), x)"
  ],
  "line_instances": [
    "RQ",
    "SR",
    "ST",
    "TQ"
  ],
  "point_positions": {
    "Q": [
      176.0,
      3.0
    ],
    "R": [
      0.0,
      144.0
    ],
    "S": [
      214.0,
      241.0
    ],
    "T": [
      382.0,
      147.0
    ]
  },
  "circle_instances": [
    ""
  ]
}