{
  "problem_text": "In \\triangle R S T, Z is the centroid and R Z = 18. Find S R.",
  "choices": [
    "10",
    "14",
    "18",
    "28"
  ],
  "answer": "D",
  "detailed_solution": " ",
  "problem_type_graph": [
    "Triangle"
  ],
  "problem_type_goal": [
    "Length"
  ],
  "source": "textbook1_chapter_5.pdf",
  "comment": "",
  "id": 1013,
  "annot_id": "Shibiao_2020-03-22_07_43_45",
  "is_standard": false,
  "compact_choices": [
    "10",
    "14",
    "18",
    "28"
  ],
  "precise_value": [
    10.0,
    14.0,
    18.0,
    28.0
  ],
  "rough_value": [
    10,
    14,
    18,
    28
  ],
  "compact_text": "In \\triangle RST, Z is the centroid and RZ = 18. Find SR.",
  "annotat_text": "In $\\triangle RST$, $Z$ is the centroid and $RZ=18$. Find $SR$.",
  "unit": "",
  "img_width": 591,
  "img_height": 626,
  "data_type": "train",
  "date": "Fri Sep 18 22:23:14 2020",
  "system": "linux"
}