{
  "text_logic_form": [
    "Triangle(R,S,T)",
    "IsCentroidOf(Point(Z),Triangle(R,S,T))",
    "Equals(LengthOf(Line(R,Z)),18)",
    "Find(LengthOf(Line(S,R)))"
  ],
  "dissolved_text_logic_form": [
    "Triangle(R,S,T)",
    "IsCentroidOf(Point(Z),Triangle(R,S,T))",
    "Equals(LengthOf(Line(R,Z)),18)",
    "Find(LengthOf(Line(S,R)))"
  ],
  "diagram_logic_form": [
    "Equals(LengthOf(Line(R, W)), 14)",
    "Equals(LengthOf(Line(R, Z)), 18)",
    "Equals(LengthOf(Line(U, Z)), 5)",
    "PointLiesOnLine(Z, Line(U, S))",
    "PointLiesOnLine(W, Line(S, R))",
    "PointLiesOnLine(V, Line(S, T))",
    "PointLiesOnLine(U, Line(R, T))",
    "PointLiesOnLine(Z, Line(R, V))",
    "PointLiesOnLine(Z, Line(T, W))"
  ],
  "line_instances": [
    "RT",
    "RV",
    "RW",
    "RZ",
    "SR",
    "ST",
    "SV",
    "SW",
    "SZ",
    "TV",
    "TW",
    "TZ",
    "UR",
    "US",
    "UT",
    "UZ",
    "ZV",
    "ZW"
  ],
  "point_positions": {
    "R": [
      389.0,
      1.0
    ],
    "S": [
      1.0,
      301.0
    ],
    "T": [
      328.0,
      412.0
    ],
    "U": [
      355.0,
      231.0
    ],
    "V": [
      179.0,
      362.0
    ],
    "W": [
      190.0,
      154.0
    ],
    "Z": [
      243.0,
      253.0
    ]
  },
  "circle_instances": [
    ""
  ]
}