{
  "problem_text": "Find x. Assume that any segment that appears to be tangent is tangent.",
  "choices": [
    "8",
    "25",
    "40",
    "90"
  ],
  "answer": "A",
  "detailed_solution": " ",
  "problem_type_graph": [
    "Circle"
  ],
  "problem_type_goal": [
    "Angle"
  ],
  "source": "textbook2_chapter10.pdf page 46",
  "comment": "",
  "id": 1193,
  "annot_id": "Ran_2020-03-29_04_43_23",
  "is_standard": false,
  "compact_choices": [
    "8",
    "25",
    "40",
    "90"
  ],
  "precise_value": [
    8.0,
    25.0,
    40.0,
    90.0
  ],
  "rough_value": [
    8,
    25,
    40,
    90
  ],
  "compact_text": "Find x. Assume that any segment that appears to be tangent is tangent.",
  "annotat_text": "Find x. Assume that any segment that appears to be tangent is tangent.",
  "unit": "",
  "img_width": 289,
  "img_height": 165,
  "data_type": "train",
  "date": "Fri Sep 18 22:23:14 2020",
  "system": "linux"
}