{
  "text_logic_form": [
    "Tangent(Line($),Circle($))",
    "Find(x)"
  ],
  "dissolved_text_logic_form": [
    "Find(x)"
  ],
  "diagram_logic_form": [
    "Equals(MeasureOf(Arc(G, A)), 5x)",
    "Equals(MeasureOf(Angle(D, B, E)), 25)",
    "Equals(MeasureOf(Arc(D, E)), 90)",
    "PointLiesOnLine(A, Line(B, D))",
    "PointLiesOnLine(G, Line(B, E))",
    "PointLiesOnCircle(A, Circle(C, radius_2_0))",
    "PointLiesOnCircle(D, Circle(C, radius_2_0))",
    "PointLiesOnCircle(E, Circle(C, radius_2_0))",
    "PointLiesOnCircle(G, Circle(C, radius_2_0))"
  ],
  "line_instances": [
    "AB",
    "AD",
    "BD",
    "BE",
    "BG",
    "GE"
  ],
  "point_positions": {
    "A": [
      107.0,
      66.0
    ],
    "B": [
      189.0,
      34.0
    ],
    "C": [
      56.0,
      55.0
    ],
    "D": [
      24.0,
      98.0
    ],
    "E": [
      12.0,
      23.0
    ],
    "G": [
      101.0,
      29.0
    ]
  },
  "circle_instances": [
    "C"
  ]
}