{
  "problem_text": "Find the area of the shaded region. Round to the nearest tenth.",
  "choices": [
    "85.5",
    "449.0",
    "534.5",
    "808.2"
  ],
  "answer": "B",
  "detailed_solution": " ",
  "problem_type_graph": [
    "Circle"
  ],
  "problem_type_goal": [
    "Area"
  ],
  "source": "textbook1_chapter_11.pdf",
  "comment": "",
  "id": 1216,
  "annot_id": "pan_2020-03-23_03_10_21",
  "is_standard": false,
  "unit": "cm^2",
  "compact_choices": [
    "85.5",
    "449.0",
    "534.5",
    "808.2"
  ],
  "precise_value": [
    85.5,
    449.0,
    534.5,
    808.2
  ],
  "rough_value": [
    85.5,
    449,
    534.5,
    808.2
  ],
  "compact_text": "Find the area of the shaded region. Round to the nearest tenth.",
  "annotat_text": "Find the area of the shaded region. Round to the nearest tenth.",
  "img_width": 322,
  "img_height": 316,
  "data_type": "train",
  "date": "Fri Sep 18 22:23:14 2020",
  "system": "linux"
}