{
  "text_logic_form": [
    "Find(AreaOf(Shaded(Shape($))))"
  ],
  "dissolved_text_logic_form": [
    "Find(AreaOf(Shaded(Shape($))))"
  ],
  "diagram_logic_form": [
    "Equals(LengthOf(Line(E, D)), 10.5)",
    "Equals(LengthOf(PerimeterOf(Cirle(B))), 35)",
    "PointLiesOnLine(C, Line(A, B))",
    "PointLiesOnCircle(A, Circle(B, radius_1_0))",
    "PointLiesOnCircle(C, Circle(B, radius_1_1))"
  ],
  "line_instances": [
    "AB",
    "AC",
    "BC"
  ],
  "point_positions": {
    "A": [
      208.0,
      73.0
    ],
    "B": [
      110.0,
      107.0
    ],
    "C": [
      151.0,
      92.0
    ]
  },
  "circle_instances": [
    "B"
  ]
}