{
  "problem_text": "In the figure at the right, what is the value of p in terms of m and n?",
  "choices": [
    "360 - (m - n)",
    "m + n + 180",
    "m + n - 180",
    "m - n + 360"
  ],
  "answer": "C",
  "detailed_solution": " ",
  "problem_type_graph": [
    "Line",
    "Triangle"
  ],
  "problem_type_goal": [
    "Angle"
  ],
  "source": "Textbook 2_Chapter 5 - Relationships in Triangles.pdf",
  "comment": "",
  "id": 1155,
  "annot_id": "pan_2020-03-19_02_59_16",
  "is_standard": true,
  "compact_choices": [
    "360-(m-n)",
    "m+n+180",
    "m+n-180",
    "m-n+360"
  ],
  "precise_value": [
    "360 - (m - n)",
    "m + n + 180",
    "m + n - 180",
    "m - n + 360"
  ],
  "rough_value": [
    "360 - (m - n)",
    "m + n + 180",
    "m + n - 180",
    "m - n + 360"
  ],
  "compact_text": "In the figure at the right, what is the value of p in terms of m and n?",
  "annotat_text": "In the figure at the right, what is the value of $p$ in terms of $m$ and $n$?",
  "unit": "",
  "img_width": 454,
  "img_height": 262,
  "data_type": "train",
  "date": "Fri Sep 18 22:23:14 2020",
  "system": "linux"
}