{
  "problem_text": "If F K = 3 x - 1, K G = 4 y + 3, J K = 6 y - 2, and K H = 2 x + 3, find y so that the quadrilateral is a parallelogram.",
  "choices": [
    "1",
    "2.5",
    "3",
    "5"
  ],
  "answer": "B",
  "detailed_solution": " ",
  "problem_type_graph": [
    "Parallelogram"
  ],
  "problem_type_goal": [
    "Length"
  ],
  "source": "textbook1_chapter6.pdf page 26",
  "comment": "",
  "id": 1114,
  "annot_id": "Ran_2020-03-15_06_26_19",
  "is_standard": false,
  "compact_choices": [
    "1",
    "2.5",
    "3",
    "5"
  ],
  "precise_value": [
    1.0,
    2.5,
    3.0,
    5.0
  ],
  "rough_value": [
    1,
    2.5,
    3,
    5
  ],
  "compact_text": "If FK = 3x-1, KG = 4y+3, JK = 6y-2, and KH = 2x+3, find y so that the quadrilateral is a parallelogram.",
  "annotat_text": "If $FK = 3x - 1$, $KG = 4y + 3$, $JK = 6y - 2$, and \r\n$KH = 2x + 3$, find $y$ so that the quadrilateral is a parallelogram. ",
  "unit": "",
  "img_width": 460,
  "img_height": 255,
  "data_type": "train",
  "date": "Fri Sep 18 22:23:14 2020",
  "system": "linux"
}