{
  "problem_text": "In \\odot X, A B = 30, C D = 30, and m \\widehat C Z = 40. Find m \\widehat A B.",
  "choices": [
    "30",
    "40",
    "60",
    "80"
  ],
  "answer": "D",
  "detailed_solution": " ",
  "problem_type_graph": [
    "Circle"
  ],
  "problem_type_goal": [
    "Angle"
  ],
  "source": "textbook2_chapter10.pdf page 21",
  "comment": "",
  "id": 11,
  "annot_id": "Ran_2020-03-28_03_32_46",
  "is_standard": false,
  "compact_choices": [
    "30",
    "40",
    "60",
    "80"
  ],
  "precise_value": [
    30.0,
    40.0,
    60.0,
    80.0
  ],
  "rough_value": [
    30,
    40,
    60,
    80
  ],
  "compact_text": "In \\odot X, AB = 30, CD = 30, and m \\widehat CZ = 40. Find m \\widehat AB.",
  "annotat_text": "In $\\odot X, A B=30, C D=30,$ and $m \\widehat{C Z}=40$\r\nFind $m\\widehat{A B}$",
  "unit": "",
  "img_width": 250,
  "img_height": 251,
  "data_type": "train",
  "date": "Fri Sep 18 22:23:14 2020",
  "system": "linux"
}