{
  "problem_text": "Find y. Assume that segments that appear to be tangent are tangent. Round to the nearest tenth if necessary.",
  "choices": [
    "10.6",
    "11.6",
    "12.6",
    "13.6"
  ],
  "answer": "C",
  "detailed_solution": " ",
  "problem_type_graph": [
    "Circle",
    "Triangle"
  ],
  "problem_type_goal": [
    "Length"
  ],
  "source": "textbook1_chapter_10.pdf",
  "comment": "",
  "id": 1204,
  "annot_id": "pan_2020-03-27_22_19_27",
  "is_standard": false,
  "compact_choices": [
    "10.6",
    "11.6",
    "12.6",
    "13.6"
  ],
  "precise_value": [
    10.6,
    11.6,
    12.6,
    13.6
  ],
  "rough_value": [
    10.6,
    11.6,
    12.6,
    13.6
  ],
  "compact_text": "Find y. Assume that segments that appear to be tangent are tangent. Round to the nearest tenth if necessary.",
  "annotat_text": "Find y. Assume that segments that appear to be tangent are tangent. Round to the nearest tenth if necessary.",
  "unit": "",
  "img_width": 524,
  "img_height": 277,
  "data_type": "train",
  "date": "Fri Sep 18 22:23:14 2020",
  "system": "linux"
}