{
  "text_logic_form": [
    "Tangent(Line($),Circle($))",
    "Find(y)"
  ],
  "dissolved_text_logic_form": [
    "Tangent(Line(B,D),Circle(A))",
    "Tangent(Line(C,F),Circle(A))",
    "Find(y)"
  ],
  "diagram_logic_form": [
    "Equals(LengthOf(Line(D, B)), 39)",
    "Equals(LengthOf(Line(C, H)), 5x-8)",
    "Equals(LengthOf(Line(A, D)), y)",
    "Equals(LengthOf(Line(A, B)), 41)",
    "Equals(LengthOf(Line(D, C)), 72-3x)",
    "PointLiesOnLine(E, Line(A, B))",
    "PointLiesOnLine(D, Line(B, C))",
    "PointLiesOnCircle(D, Circle(A, radius_0_0))",
    "PointLiesOnCircle(E, Circle(A, radius_0_0))",
    "PointLiesOnCircle(H, Circle(A, radius_0_0))"
  ],
  "line_instances": [
    "AD",
    "BC",
    "CH",
    "DB",
    "DC"
  ],
  "point_positions": {
    "A": [
      253.0,
      92.0
    ],
    "B": [
      486.0,
      194.0
    ],
    "C": [
      0.0,
      197.0
    ],
    "D": [
      249.0,
      196.0
    ],
    "E": [
      346.0,
      131.0
    ],
    "H": [
      204.0,
      12.0
    ]
  },
  "circle_instances": [
    "A"
  ]
}