{
  "problem_text": "Find E D if A E = 3, A B = 2, B C = 6, and E D = 2 x - 3.",
  "choices": [
    "5",
    "6",
    "8",
    "9"
  ],
  "answer": "D",
  "detailed_solution": " ",
  "problem_type_graph": [
    "Triangle"
  ],
  "problem_type_goal": [
    "Length"
  ],
  "source": "textbook2_chapter6.pdf page 33",
  "comment": "",
  "id": 1198,
  "annot_id": "Ran_2020-03-21_06_23_28",
  "is_standard": false,
  "compact_choices": [
    "5",
    "6",
    "8",
    "9"
  ],
  "precise_value": [
    5.0,
    6.0,
    8.0,
    9.0
  ],
  "rough_value": [
    5,
    6,
    8,
    9
  ],
  "compact_text": "Find ED if AE = 3, AB = 2, BC = 6, and ED = 2x-3.",
  "annotat_text": "Find $ED$ if $AE=3, AB=2$, $BC=6,$ and $ED=2x-3$",
  "unit": "",
  "img_width": 397,
  "img_height": 261,
  "data_type": "train",
  "date": "Fri Sep 18 22:23:14 2020",
  "system": "linux"
}