{
  "problem_text": "Find the area of the shaded region. Assume that all polygons that appear to be regular are regular. Round to the nearest tenth.",
  "choices": [
    "4.1",
    "9.1",
    "33.8",
    "36.0"
  ],
  "answer": "A",
  "detailed_solution": " ",
  "problem_type_graph": [
    "Circle",
    "Triangle",
    "Other"
  ],
  "problem_type_goal": [
    "Area"
  ],
  "source": "Textbook 2_Chapter 11 - Areas of Polygons and Circles.pdf",
  "comment": "complex shaded area shape",
  "id": 1043,
  "annot_id": "pan_2020-03-22_06_05_57",
  "is_standard": false,
  "compact_choices": [
    "4.1",
    "9.1",
    "33.8",
    "36.0"
  ],
  "precise_value": [
    4.1,
    9.1,
    33.8,
    36.0
  ],
  "rough_value": [
    4.1,
    9.1,
    33.8,
    36
  ],
  "compact_text": "Find the area of the shaded region. Assume that all polygons that appear to be regular are regular. Round to the nearest tenth.",
  "annotat_text": "Find the area of the shaded region. Assume that all polygons that appear to be regular are regular. Round to the nearest tenth.",
  "unit": "",
  "img_width": 211,
  "img_height": 200,
  "data_type": "train",
  "date": "Fri Sep 18 22:23:14 2020",
  "system": "linux"
}