{
  "problem_text": "B C \\parallel D F. A B = x + 5, B D = 12, A C = 3 x + 1, and C F = 15. Find x.",
  "choices": [
    "3",
    "4",
    "5",
    "6"
  ],
  "answer": "A",
  "detailed_solution": " ",
  "problem_type_graph": [
    "Triangle"
  ],
  "problem_type_goal": [
    "Length"
  ],
  "source": "textbook1_chapter_7.pdf",
  "comment": "",
  "id": 1157,
  "annot_id": "Shibiao_2020-03-22_12_04_11",
  "is_standard": false,
  "compact_choices": [
    "3",
    "4",
    "5",
    "6"
  ],
  "precise_value": [
    3.0,
    4.0,
    5.0,
    6.0
  ],
  "rough_value": [
    3,
    4,
    5,
    6
  ],
  "compact_text": "BC \\parallel DF. AB = x+5, BD = 12, AC = 3x+1, and CF = 15. Find x.",
  "annotat_text": "$\\overline{BC} \\| \\overline{DF}$. $AB=x+5$, $BD=12$, $AC=3x+1$, and $CF=15$. Find $x$.",
  "unit": "",
  "img_width": 559,
  "img_height": 385,
  "data_type": "train",
  "date": "Fri Sep 18 22:23:14 2020",
  "system": "linux"
}