{
  "problem_text": "Find y.",
  "choices": [
    "8",
    "8 \\sqrt { 2 }",
    "12",
    "8 \\sqrt { 3 }"
  ],
  "answer": "B",
  "detailed_solution": " ",
  "problem_type_graph": [
    "Triangle"
  ],
  "problem_type_goal": [
    "Length"
  ],
  "source": "textbook1_chapter_8.pdf",
  "comment": "",
  "id": 1070,
  "annot_id": "pan_2020-03-23_20_25_57",
  "is_standard": false,
  "compact_choices": [
    "8",
    "8\\sqrt{2}",
    "12",
    "8\\sqrt{3}"
  ],
  "precise_value": [
    8.0,
    11.313708498984761,
    12.0,
    13.856406460551018
  ],
  "rough_value": [
    8,
    11.31,
    12,
    13.86
  ],
  "compact_text": "Find y.",
  "annotat_text": "Find y.",
  "unit": "",
  "img_width": 339,
  "img_height": 293,
  "data_type": "train",
  "date": "Fri Sep 18 22:23:14 2020",
  "system": "linux"
}