{
  "problem_text": "If T P = 4 x + 2, Q P = 2 y - 6, P S = 5 y - 12, and P R = 6 x - 4, find x so that the quadrilateral is a parallelogram.",
  "choices": [
    "0",
    "3",
    "5",
    "14"
  ],
  "answer": "B",
  "detailed_solution": " ",
  "problem_type_graph": [
    "Parallelogram"
  ],
  "problem_type_goal": [
    "Length"
  ],
  "source": "textbook1_chapter6.pdf page 62",
  "comment": "",
  "id": 1215,
  "annot_id": "Ran_2020-03-20_02_31_06",
  "is_standard": false,
  "compact_choices": [
    "0",
    "3",
    "5",
    "14"
  ],
  "precise_value": [
    0.0,
    3.0,
    5.0,
    14.0
  ],
  "rough_value": [
    0,
    3,
    5,
    14
  ],
  "compact_text": "If TP = 4x+2, QP = 2y-6, PS = 5y-12, and PR = 6x-4, find x so that the quadrilateral is a parallelogram.",
  "annotat_text": "If TP = 4x + 2, QP = 2y \u2013 6, PS = 5y - 12, and PR = 6x - 4, find x so that the quadrilateral is a parallelogram.",
  "unit": "",
  "img_width": 595,
  "img_height": 306,
  "data_type": "train",
  "date": "Fri Sep 18 22:23:14 2020",
  "system": "linux"
}