{
  "text_logic_form": [
    "Equals(LengthOf(Line(T,P)),4x+2)",
    "Equals(LengthOf(Line(Q,P)),2y-6)",
    "Equals(LengthOf(Line(P,S)),5y-12)",
    "Equals(LengthOf(Line(P,R)),6x-4)",
    "Parallelogram($)",
    "Find(x)"
  ],
  "dissolved_text_logic_form": [
    "Equals(LengthOf(Line(T,P)),4x+2)",
    "Equals(LengthOf(Line(Q,P)),2y-6)",
    "Equals(LengthOf(Line(P,S)),5y-12)",
    "Equals(LengthOf(Line(P,R)),6x-4)",
    "Parallelogram(E,S,R,Q)",
    "Find(x)"
  ],
  "diagram_logic_form": [
    "PointLiesOnLine(P, Line(R, T))",
    "PointLiesOnLine(P, Line(Q, S))"
  ],
  "line_instances": [
    "QP",
    "QS",
    "RP",
    "RQ",
    "RS",
    "RT",
    "SP",
    "TP",
    "TQ",
    "TS"
  ],
  "point_positions": {
    "P": [
      211.0,
      97.0
    ],
    "Q": [
      1.0,
      0.0
    ],
    "R": [
      106.0,
      191.0
    ],
    "S": [
      420.0,
      192.0
    ],
    "T": [
      315.0,
      2.0
    ]
  },
  "circle_instances": [
    ""
  ]
}