{
  "problem_text": "What is the value of x in the figure?",
  "choices": [
    "19",
    "23",
    "26",
    "28"
  ],
  "answer": "C",
  "detailed_solution": " ",
  "problem_type_graph": [
    "Circle"
  ],
  "problem_type_goal": [
    "Angle"
  ],
  "source": "textbook1_chapter_10.pdf",
  "comment": "",
  "id": 1057,
  "annot_id": "pan_2020-03-28_00_51_33",
  "is_standard": true,
  "compact_choices": [
    "19",
    "23",
    "26",
    "28"
  ],
  "precise_value": [
    19.0,
    23.0,
    26.0,
    28.0
  ],
  "rough_value": [
    19,
    23,
    26,
    28
  ],
  "compact_text": "What is the value of x in the figure?",
  "annotat_text": "What is the value of x in the figure?",
  "unit": "",
  "img_width": 376,
  "img_height": 331,
  "data_type": "train",
  "date": "Fri Sep 18 22:23:14 2020",
  "system": "linux"
}