{
  "text_logic_form": [
    "Find(x)"
  ],
  "dissolved_text_logic_form": [
    "Find(x)"
  ],
  "diagram_logic_form": [
    "Equals(MeasureOf(Angle(C, X, A)), 3x)",
    "Equals(MeasureOf(Angle(A, X, B)), 7x+10)",
    "Equals(MeasureOf(Angle(B, X, C)), 90)",
    "PointLiesOnCircle(A, Circle(X, radius_0_0))",
    "PointLiesOnCircle(B, Circle(X, radius_0_0))",
    "PointLiesOnCircle(C, Circle(X, radius_0_0))"
  ],
  "line_instances": [
    "XA",
    "XB",
    "XC"
  ],
  "point_positions": {
    "A": [
      103.0,
      7.0
    ],
    "B": [
      146.0,
      288.0
    ],
    "C": [
      1.0,
      142.0
    ],
    "X": [
      145.0,
      148.0
    ]
  },
  "circle_instances": [
    "X"
  ]
}