{
  "problem_text": "Find x.",
  "choices": [
    "92",
    "102",
    "112",
    "122"
  ],
  "answer": "B",
  "detailed_solution": " ",
  "problem_type_graph": [
    "Line"
  ],
  "problem_type_goal": [
    "Angle"
  ],
  "source": "textbook1_chapter_3.pdf",
  "comment": "",
  "id": 1050,
  "annot_id": "pan_2020-03-13_21_43_17",
  "is_standard": false,
  "compact_choices": [
    "92",
    "102",
    "112",
    "122"
  ],
  "precise_value": [
    92.0,
    102.0,
    112.0,
    122.0
  ],
  "rough_value": [
    92,
    102,
    112,
    122
  ],
  "compact_text": "Find x.",
  "annotat_text": "Find $x$.",
  "unit": "",
  "img_width": 444,
  "img_height": 189,
  "data_type": "train",
  "date": "Fri Sep 18 22:23:14 2020",
  "system": "linux"
}