{
  "problem_text": "Find the exact circumference of the circle.",
  "choices": [
    "17 \\pi",
    "30 \\pi",
    "34 \\pi",
    "64 \\pi"
  ],
  "answer": "C",
  "detailed_solution": " ",
  "problem_type_graph": [
    "Circle"
  ],
  "problem_type_goal": [
    "Length"
  ],
  "source": "textbook2_chapter10.pdf page 8",
  "comment": "",
  "id": 1077,
  "annot_id": "Ran_2020-03-28_01_23_52",
  "is_standard": false,
  "compact_choices": [
    "17\\pi",
    "30\\pi",
    "34\\pi",
    "64\\pi"
  ],
  "precise_value": [
    53.40707511102649,
    94.24777960769379,
    106.81415022205297,
    201.06192982974676
  ],
  "rough_value": [
    53.41,
    94.25,
    106.81,
    201.06
  ],
  "compact_text": "Find the exact circumference of the circle.",
  "annotat_text": "Find the exact circumference of the circle.",
  "unit": "",
  "img_width": 235,
  "img_height": 212,
  "data_type": "train",
  "date": "Fri Sep 18 22:23:14 2020",
  "system": "linux"
}