{
  "problem_text": "Find m \\widehat W X.",
  "choices": [
    "57",
    "63",
    "66",
    "68"
  ],
  "answer": "C",
  "detailed_solution": " ",
  "problem_type_graph": [
    "Circle"
  ],
  "problem_type_goal": [
    "Angle"
  ],
  "source": "textbook1_chapter_10.pdf",
  "comment": "",
  "id": 1003,
  "annot_id": "Shibiao_2020-03-28_09_15_42",
  "is_standard": false,
  "compact_choices": [
    "57",
    "63",
    "66",
    "68"
  ],
  "precise_value": [
    57.0,
    63.0,
    66.0,
    68.0
  ],
  "rough_value": [
    57,
    63,
    66,
    68
  ],
  "compact_text": "Find m \\widehat WX.",
  "annotat_text": "Find $m \\widehat {WX}$.",
  "unit": "",
  "img_width": 472,
  "img_height": 483,
  "data_type": "train",
  "date": "Fri Sep 18 22:23:14 2020",
  "system": "linux"
}