{
  "problem_text": "Q is the centroid and B E = 9. Find Q E.",
  "choices": [
    "3",
    "6",
    "9",
    "12"
  ],
  "answer": "A",
  "detailed_solution": " ",
  "problem_type_graph": [
    "Triangle"
  ],
  "problem_type_goal": [
    "Length"
  ],
  "source": "textbook1_chapter_5.pdf",
  "comment": "",
  "id": 1126,
  "annot_id": "Shibiao_2020-03-22_06_59_44",
  "is_standard": false,
  "compact_choices": [
    "3",
    "6",
    "9",
    "12"
  ],
  "precise_value": [
    3.0,
    6.0,
    9.0,
    12.0
  ],
  "rough_value": [
    3,
    6,
    9,
    12
  ],
  "compact_text": "Q is the centroid and BE = 9. Find QE.",
  "annotat_text": "$Q$ is the centroid and $BE=9$. Find $QE$.",
  "unit": "",
  "img_width": 746,
  "img_height": 427,
  "data_type": "train",
  "date": "Fri Sep 18 22:23:14 2020",
  "system": "linux"
}