{
  "problem_text": "Find the area of the figure.",
  "choices": [
    "938.4",
    "1291.9",
    "1523.4",
    "1876.9"
  ],
  "answer": "A",
  "detailed_solution": " ",
  "problem_type_graph": [
    "Circle",
    "Trapezoid"
  ],
  "problem_type_goal": [
    "Area"
  ],
  "source": "textbook1_chapter_11.pdf",
  "comment": "",
  "id": 1146,
  "annot_id": "pan_2020-03-23_08_08_29",
  "is_standard": false,
  "unit": "m^2",
  "compact_choices": [
    "938.4",
    "1291.9",
    "1523.4",
    "1876.9"
  ],
  "precise_value": [
    938.4,
    1291.9,
    1523.4,
    1876.9
  ],
  "rough_value": [
    938.4,
    1291.9,
    1523.4,
    1876.9
  ],
  "compact_text": "Find the area of the figure.",
  "annotat_text": "Find the area of the figure.",
  "img_width": 511,
  "img_height": 278,
  "data_type": "train",
  "date": "Fri Sep 18 22:23:14 2020",
  "system": "linux"
}