{
  "problem_text": "Find the area of the figure.",
  "choices": [
    "73",
    "77",
    "80",
    "88"
  ],
  "answer": "B",
  "detailed_solution": " ",
  "problem_type_graph": [
    "Rectangle",
    "Other"
  ],
  "problem_type_goal": [
    "Area"
  ],
  "source": "Textbook 2_Chapter 11 - Areas of Polygons and Circles.pdf",
  "comment": "shaded area not sure how to represent",
  "id": 1162,
  "annot_id": "pan_2020-03-21_20_57_10",
  "is_standard": false,
  "unit": "units^2",
  "compact_choices": [
    "73",
    "77",
    "80",
    "88"
  ],
  "precise_value": [
    73.0,
    77.0,
    80.0,
    88.0
  ],
  "rough_value": [
    73,
    77,
    80,
    88
  ],
  "compact_text": "Find the area of the figure.",
  "annotat_text": "Find the area of the figure.",
  "img_width": 426,
  "img_height": 361,
  "data_type": "train",
  "date": "Fri Sep 18 22:23:14 2020",
  "system": "linux"
}