{
  "problem_text": "Find the measure of \\angle R to the nearest tenth.",
  "choices": [
    "19.1",
    "20.3",
    "69.7",
    "70.9"
  ],
  "answer": "D",
  "detailed_solution": " ",
  "problem_type_graph": [
    "Triangle"
  ],
  "problem_type_goal": [
    "Angle"
  ],
  "source": "textbook1_chapter_8.pdf",
  "comment": "",
  "id": 100,
  "annot_id": "pan_2020-03-25_23_19_24",
  "is_standard": false,
  "compact_choices": [
    "19.1",
    "20.3",
    "69.7",
    "70.9"
  ],
  "precise_value": [
    19.1,
    20.3,
    69.7,
    70.9
  ],
  "rough_value": [
    19.1,
    20.3,
    69.7,
    70.9
  ],
  "compact_text": "Find the measure of \\angle R to the nearest tenth.",
  "annotat_text": "Find the measure of $\u2220R$ to the nearest tenth.",
  "unit": "",
  "img_width": 157,
  "img_height": 294,
  "data_type": "train",
  "date": "Fri Sep 18 22:23:14 2020",
  "system": "linux"
}