{
  "problem_text": "Find K L.",
  "choices": [
    "3",
    "6",
    "12",
    "18"
  ],
  "answer": "B",
  "detailed_solution": " ",
  "problem_type_graph": [
    "Triangle"
  ],
  "problem_type_goal": [
    "Length"
  ],
  "source": "textbook1_chapter_5.pdf",
  "comment": "",
  "id": 1032,
  "annot_id": "Shibiao_2020-03-22_03_45_30",
  "is_standard": false,
  "compact_choices": [
    "3",
    "6",
    "12",
    "18"
  ],
  "precise_value": [
    3.0,
    6.0,
    12.0,
    18.0
  ],
  "rough_value": [
    3,
    6,
    12,
    18
  ],
  "compact_text": "Find KL.",
  "annotat_text": "Find $KL$.",
  "unit": "",
  "img_width": 506,
  "img_height": 347,
  "data_type": "train",
  "date": "Fri Sep 18 22:23:14 2020",
  "system": "linux"
}