{
  "problem_text": "Solve for x in the figure.",
  "choices": [
    "8",
    "9",
    "10",
    "12"
  ],
  "answer": "A",
  "detailed_solution": " ",
  "problem_type_graph": [
    "Circle"
  ],
  "problem_type_goal": [
    "Length"
  ],
  "source": "textbook1_chapter_10.pdf",
  "comment": "",
  "id": 1127,
  "annot_id": "pan_2020-03-28_00_55_35",
  "is_standard": false,
  "compact_choices": [
    "8",
    "9",
    "10",
    "12"
  ],
  "precise_value": [
    8.0,
    9.0,
    10.0,
    12.0
  ],
  "rough_value": [
    8,
    9,
    10,
    12
  ],
  "compact_text": "Solve for x in the figure.",
  "annotat_text": "Solve for x in the figure.",
  "unit": "",
  "img_width": 303,
  "img_height": 249,
  "data_type": "train",
  "date": "Fri Sep 18 22:23:14 2020",
  "system": "linux"
}