{
  "problem_text": "Find x. Round the side measure to the nearest tenth.",
  "choices": [
    "14.3",
    "17.4",
    "96.5",
    "117.6"
  ],
  "answer": "D",
  "detailed_solution": " ",
  "problem_type_graph": [
    "Triangle"
  ],
  "problem_type_goal": [
    "Length"
  ],
  "source": "textbook1_chapter_8.pdf",
  "comment": "",
  "id": 1187,
  "annot_id": "pan_2020-03-25_22_14_18",
  "is_standard": false,
  "compact_choices": [
    "14.3",
    "17.4",
    "96.5",
    "117.6"
  ],
  "precise_value": [
    14.3,
    17.4,
    96.5,
    117.6
  ],
  "rough_value": [
    14.3,
    17.4,
    96.5,
    117.6
  ],
  "compact_text": "Find x. Round the side measure to the nearest tenth.",
  "annotat_text": "Find x. Round the side measure to the nearest tenth.",
  "unit": "",
  "img_width": 331,
  "img_height": 247,
  "data_type": "train",
  "date": "Fri Sep 18 22:23:14 2020",
  "system": "linux"
}