{
  "problem_text": "Find the measure of \\angle D F B on \\odot F with diameter A C.",
  "choices": [
    "163",
    "165",
    "167",
    "169"
  ],
  "answer": "B",
  "detailed_solution": " ",
  "problem_type_graph": [
    "Circle"
  ],
  "problem_type_goal": [
    "Angle"
  ],
  "source": "Textbook 2_Chapter 11 - Areas of Polygons and Circles.pdf",
  "comment": "",
  "id": 1063,
  "annot_id": "pan_2020-03-22_07_08_24",
  "is_standard": false,
  "compact_choices": [
    "163",
    "165",
    "167",
    "169"
  ],
  "precise_value": [
    163.0,
    165.0,
    167.0,
    169.0
  ],
  "rough_value": [
    163,
    165,
    167,
    169
  ],
  "compact_text": "Find the measure of \\angle DFB on \\odot F with diameter AC.",
  "annotat_text": "Find the measure of $\\angle DFB$ on $\\odot F$ with diameter $\\overline{AC} $.",
  "unit": "",
  "img_width": 298,
  "img_height": 327,
  "data_type": "train",
  "date": "Fri Sep 18 22:23:14 2020",
  "system": "linux"
}