{
  "problem_text": "Find m \\angle J K L.",
  "choices": [
    "21",
    "31",
    "43",
    "84"
  ],
  "answer": "B",
  "detailed_solution": " ",
  "problem_type_graph": [
    "Triangle"
  ],
  "problem_type_goal": [
    "Angle"
  ],
  "source": "textbook1_chapter_4.pdf",
  "comment": "",
  "id": 103,
  "annot_id": "Shibiao_2020-03-21_12_54_54",
  "is_standard": false,
  "compact_choices": [
    "21",
    "31",
    "43",
    "84"
  ],
  "precise_value": [
    21.0,
    31.0,
    43.0,
    84.0
  ],
  "rough_value": [
    21,
    31,
    43,
    84
  ],
  "compact_text": "Find m \\angle JKL.",
  "annotat_text": "Find $m \\angle JKL$.",
  "unit": "",
  "img_width": 597,
  "img_height": 395,
  "data_type": "train",
  "date": "Fri Sep 18 22:23:14 2020",
  "system": "linux"
}