{
  "problem_text": "If X N = t - 2, N Z = t + 1, X M = 2, and X Y = 10, solve for t.",
  "choices": [
    "3",
    "4",
    "5",
    "8"
  ],
  "answer": "A",
  "detailed_solution": " ",
  "problem_type_graph": [
    "Triangle"
  ],
  "problem_type_goal": [
    "Length"
  ],
  "source": "textbook2_chapter6.pdf page 33",
  "comment": "",
  "id": 1120,
  "annot_id": "Ran_2020-03-21_06_19_02",
  "is_standard": false,
  "compact_choices": [
    "3",
    "4",
    "5",
    "8"
  ],
  "precise_value": [
    3.0,
    4.0,
    5.0,
    8.0
  ],
  "rough_value": [
    3,
    4,
    5,
    8
  ],
  "compact_text": "If XN = t-2, NZ = t+1, XM = 2, and XY = 10, solve for t.",
  "annotat_text": "If XN = t - 2, NZ = t + 1, XM = 2, and XY = 10, solve for t",
  "unit": "",
  "img_width": 377,
  "img_height": 231,
  "data_type": "train",
  "date": "Fri Sep 18 22:23:14 2020",
  "system": "linux"
}