{
  "problem_text": "Find x. Round side measure to the nearest tenth.",
  "choices": [
    "2.0",
    "4.1",
    "7.9",
    "8.1"
  ],
  "answer": "A",
  "detailed_solution": " ",
  "problem_type_graph": [
    "Triangle"
  ],
  "problem_type_goal": [
    "Length"
  ],
  "source": "textbook1_chapter_8.pdf",
  "comment": "",
  "id": 1029,
  "annot_id": "pan_2020-03-25_20_57_39",
  "is_standard": false,
  "compact_choices": [
    "2.0",
    "4.1",
    "7.9",
    "8.1"
  ],
  "precise_value": [
    2.0,
    4.1,
    7.9,
    8.1
  ],
  "rough_value": [
    2,
    4.1,
    7.9,
    8.1
  ],
  "compact_text": "Find x. Round side measure to the nearest tenth.",
  "annotat_text": "Find x. Round side measures to the nearest tenth.",
  "unit": "",
  "img_width": 313,
  "img_height": 180,
  "data_type": "train",
  "date": "Fri Sep 18 22:23:14 2020",
  "system": "linux"
}