{
  "problem_text": "Find the area of the shaded sector. Round to the nearest tenth.",
  "choices": [
    "3.4",
    "4.6",
    "9.1",
    "12.6"
  ],
  "answer": "A",
  "detailed_solution": " ",
  "problem_type_graph": [
    "Circle"
  ],
  "problem_type_goal": [
    "Area"
  ],
  "source": "textbook1_chapter_11.pdf",
  "comment": "",
  "id": 1094,
  "annot_id": "pan_2020-03-23_08_06_04",
  "is_standard": false,
  "unit": "ft^2",
  "compact_choices": [
    "3.4",
    "4.6",
    "9.1",
    "12.6"
  ],
  "precise_value": [
    3.4,
    4.6,
    9.1,
    12.6
  ],
  "rough_value": [
    3.4,
    4.6,
    9.1,
    12.6
  ],
  "compact_text": "Find the area of the shaded sector. Round to the nearest tenth.",
  "annotat_text": "Find the area of the shaded sector. Round to the nearest tenth.",
  "img_width": 235,
  "img_height": 226,
  "data_type": "train",
  "date": "Fri Sep 18 22:23:14 2020",
  "system": "linux"
}