{
  "problem_text": "If \\frac { I J } { X J } = \\frac { H J } { Y J }, m \\angle W X J = 130, and m \\angle W Z G = 20, find m \\angle J H G.",
  "choices": [
    "100",
    "110",
    "120",
    "130"
  ],
  "answer": "B",
  "detailed_solution": " ",
  "problem_type_graph": [
    "Triangle"
  ],
  "problem_type_goal": [
    "Angle"
  ],
  "source": "textbook2_chapter6.pdf page 24",
  "comment": "",
  "id": 1149,
  "annot_id": "Ran_2020-03-21_02_36_27",
  "is_standard": false,
  "compact_choices": [
    "100",
    "110",
    "120",
    "130"
  ],
  "precise_value": [
    100.0,
    110.0,
    120.0,
    130.0
  ],
  "rough_value": [
    100,
    110,
    120,
    130
  ],
  "compact_text": "If \\frac{IJ}{XJ} = \\frac{HJ}{YJ}, m \\angle WXJ = 130, and m \\angle WZG = 20, find m \\angle JHG.",
  "annotat_text": "If $\\frac{I J}{X J}=\\frac{HJ}{YJ}, m \\angle W X J=130$, and $m \\angle WZG=20,$ find $m \\angle JHG$",
  "unit": "",
  "img_width": 721,
  "img_height": 370,
  "data_type": "train",
  "date": "Fri Sep 18 22:23:14 2020",
  "system": "linux"
}