{
  "problem_text": "Find y so that the quadrilateral is a parallelogram.",
  "choices": [
    "3",
    "6",
    "9",
    "12"
  ],
  "answer": "A",
  "detailed_solution": " ",
  "problem_type_graph": [
    "Parallelogram"
  ],
  "problem_type_goal": [
    "Length"
  ],
  "source": "textbook1_chapter6.pdf page 30",
  "comment": "",
  "id": 1164,
  "annot_id": "Ran_2020-03-18_23_15_01",
  "is_standard": false,
  "compact_choices": [
    "3",
    "6",
    "9",
    "12"
  ],
  "precise_value": [
    3.0,
    6.0,
    9.0,
    12.0
  ],
  "rough_value": [
    3,
    6,
    9,
    12
  ],
  "compact_text": "Find y so that the quadrilateral is a parallelogram.",
  "annotat_text": "Find $y$ so that the quadrilateral is a parallelogram.",
  "unit": "",
  "img_width": 446,
  "img_height": 347,
  "data_type": "train",
  "date": "Fri Sep 18 22:23:14 2020",
  "system": "linux"
}