{
  "problem_text": "Find x. Round to the nearest tenth.",
  "choices": [
    "7.2",
    "8.1",
    "24.2",
    "27.1"
  ],
  "answer": "A",
  "detailed_solution": " ",
  "problem_type_graph": [
    "Triangle"
  ],
  "problem_type_goal": [
    "Length"
  ],
  "source": "textbook1_chapter_8.pdf",
  "comment": "",
  "id": 1099,
  "annot_id": "pan_2020-03-25_19_38_48",
  "is_standard": false,
  "compact_choices": [
    "7.2",
    "8.1",
    "24.2",
    "27.1"
  ],
  "precise_value": [
    7.2,
    8.1,
    24.2,
    27.1
  ],
  "rough_value": [
    7.2,
    8.1,
    24.2,
    27.1
  ],
  "compact_text": "Find x. Round to the nearest tenth.",
  "annotat_text": "Find x. Round to the nearest tenth.",
  "unit": "",
  "img_width": 369,
  "img_height": 228,
  "data_type": "train",
  "date": "Fri Sep 18 22:23:14 2020",
  "system": "linux"
}