{
  "problem_text": "Find the area of a regular hexagon with a perimeter of 72 feet.",
  "choices": [
    "187.1",
    "305.5",
    "374.1",
    "532"
  ],
  "answer": "C",
  "detailed_solution": " ",
  "problem_type_graph": [
    "Triangle",
    "Other"
  ],
  "problem_type_goal": [
    "Area"
  ],
  "source": "Textbook 2_Chapter 11 - Areas of Polygons and Circles.pdf",
  "comment": "",
  "id": 1096,
  "annot_id": "pan_2020-03-22_07_20_29",
  "is_standard": false,
  "unit": "ft^2",
  "compact_choices": [
    "187.1",
    "305.5",
    "374.1",
    "532"
  ],
  "precise_value": [
    187.1,
    305.5,
    374.1,
    532.0
  ],
  "rough_value": [
    187.1,
    305.5,
    374.1,
    532
  ],
  "compact_text": "Find the area of a regular hexagon with a perimeter of 72 feet.",
  "annotat_text": "Find the area of a regular hexagon with a perimeter of 72 feet.",
  "img_width": 323,
  "img_height": 281,
  "data_type": "train",
  "date": "Fri Sep 18 22:23:14 2020",
  "system": "linux"
}