{
  "problem_text": "A plane travels from Des Moines to Phoenix, on to Atlanta, and back to Des Moines, as shown below. Find the distance in miles from Des Moines to Phoenix if the total trip was 3482 miles.",
  "choices": [
    "73.8",
    "91",
    "110",
    "1153"
  ],
  "answer": "D",
  "detailed_solution": " ",
  "problem_type_graph": [
    "Triangle"
  ],
  "problem_type_goal": [
    "Length"
  ],
  "source": "textbook1_chapter6 page 2",
  "comment": "",
  "id": 109,
  "annot_id": "Ran_2020-03-13_23_31_48",
  "is_standard": false,
  "compact_choices": [
    "73.8",
    "91",
    "110",
    "1153"
  ],
  "precise_value": [
    73.8,
    91.0,
    110.0,
    1153.0
  ],
  "rough_value": [
    73.8,
    91,
    110,
    1153
  ],
  "compact_text": "A plane travels from Des Moines to Phoenix, on to Atlanta, and back to Des Moines, as shown below. Find the distance in miles from Des Moines to Phoenix if the total trip was 3482 miles.",
  "annotat_text": "A plane travels from Des Moines to Phoenix, on to Atlanta, and back to Des Moines, as shown below. Find the distance in miles from Des Moines to Phoenix if the total trip was 3482 miles.",
  "unit": "",
  "img_width": 765,
  "img_height": 330,
  "data_type": "train",
  "date": "Fri Sep 18 22:23:14 2020",
  "system": "linux"
}