{
  "text_logic_form": [
    "Equals(PerimeterOf(Triangle(A,B,C)), 3482)",
    "Find(LengthOf(C,B))"
  ],
  "dissolved_text_logic_form": [
    "Equals(PerimeterOf(Triangle(A,B,C)), 3482)",
    "Find(LengthOf(C,B))"
  ],
  "diagram_logic_form": [
    "Equals(LengthOf(Line(B, C)), 5)",
    "Equals(LengthOf(Line(A, C)), 8x)",
    "Equals(LengthOf(Line(B, C)), 110x+53)",
    "Equals(LengthOf(Line(A, C)), 73)",
    "Equals(LengthOf(Line(A, B)), 150x+91)"
  ],
  "line_instances": [
    "AB",
    "AC",
    "BC"
  ],
  "point_positions": {
    "A": [
      517.0,
      161.0
    ],
    "B": [
      1.0,
      151.0
    ],
    "C": [
      343.0,
      1.0
    ]
  },
  "circle_instances": [
    ""
  ]
}