{
  "problem_text": "Find x. Round to the nearest tenth, if necessary.",
  "choices": [
    "8",
    "9",
    "10",
    "11"
  ],
  "answer": "D",
  "detailed_solution": " ",
  "problem_type_graph": [
    "Line",
    "Circle"
  ],
  "problem_type_goal": [
    "Length"
  ],
  "source": "textbook2_chapter10.pdf page 54",
  "comment": "",
  "id": 1106,
  "annot_id": "Ran_2020-03-29_05_11_11",
  "is_standard": false,
  "compact_choices": [
    "8",
    "9",
    "10",
    "11"
  ],
  "precise_value": [
    8.0,
    9.0,
    10.0,
    11.0
  ],
  "rough_value": [
    8,
    9,
    10,
    11
  ],
  "compact_text": "Find x. Round to the nearest tenth, if necessary.",
  "annotat_text": "Find x. Round to the nearest tenth, if necessary.",
  "unit": "",
  "img_width": 402,
  "img_height": 258,
  "data_type": "train",
  "date": "Fri Sep 18 22:23:14 2020",
  "system": "linux"
}