{
  "problem_text": "Find x. Round the side measure to the nearest tenth.",
  "choices": [
    "6.4",
    "7.4",
    "22.8",
    "26.5"
  ],
  "answer": "C",
  "detailed_solution": " ",
  "problem_type_graph": [
    "Triangle"
  ],
  "problem_type_goal": [
    "Length"
  ],
  "source": "textbook1_chapter_8.pdf",
  "comment": "",
  "id": 1056,
  "annot_id": "pan_2020-03-25_20_44_19",
  "is_standard": false,
  "compact_choices": [
    "6.4",
    "7.4",
    "22.8",
    "26.5"
  ],
  "precise_value": [
    6.4,
    7.4,
    22.8,
    26.5
  ],
  "rough_value": [
    6.4,
    7.4,
    22.8,
    26.5
  ],
  "compact_text": "Find x. Round the side measure to the nearest tenth.",
  "annotat_text": "Find x. Round the side measure to the nearest tenth.",
  "unit": "",
  "img_width": 291,
  "img_height": 291,
  "data_type": "train",
  "date": "Fri Sep 18 22:23:14 2020",
  "system": "linux"
}