{
  "problem_text": "Find x. Round to the nearest tenth.",
  "choices": [
    "7.4",
    "8.0",
    "12.5",
    "13.5"
  ],
  "answer": "B",
  "detailed_solution": " ",
  "problem_type_graph": [
    "Triangle"
  ],
  "problem_type_goal": [
    "Length"
  ],
  "source": "textbook1_chapter_8.pdf",
  "comment": "",
  "id": 1014,
  "annot_id": "pan_2020-03-25_19_38_15",
  "is_standard": false,
  "compact_choices": [
    "7.4",
    "8.0",
    "12.5",
    "13.5"
  ],
  "precise_value": [
    7.4,
    8.0,
    12.5,
    13.5
  ],
  "rough_value": [
    7.4,
    8,
    12.5,
    13.5
  ],
  "compact_text": "Find x. Round to the nearest tenth.",
  "annotat_text": "Find x. Round to the nearest tenth.",
  "unit": "",
  "img_width": 304,
  "img_height": 340,
  "data_type": "train",
  "date": "Fri Sep 18 22:23:14 2020",
  "system": "linux"
}