{
  "problem_text": "Find x. Round side measure to the nearest tenth.",
  "choices": [
    "4.1",
    "4.8",
    "5.3",
    "6.1"
  ],
  "answer": "A",
  "detailed_solution": " ",
  "problem_type_graph": [
    "Triangle"
  ],
  "problem_type_goal": [
    "Length"
  ],
  "source": "textbook1_chapter_8.pdf",
  "comment": "",
  "id": 116,
  "annot_id": "pan_2020-03-25_20_56_14",
  "is_standard": false,
  "compact_choices": [
    "4.1",
    "4.8",
    "5.3",
    "6.1"
  ],
  "precise_value": [
    4.1,
    4.8,
    5.3,
    6.1
  ],
  "rough_value": [
    4.1,
    4.8,
    5.3,
    6.1
  ],
  "compact_text": "Find x. Round side measure to the nearest tenth.",
  "annotat_text": "Find x. Round side measures to the nearest tenth.",
  "unit": "",
  "img_width": 298,
  "img_height": 262,
  "data_type": "train",
  "date": "Fri Sep 18 22:23:14 2020",
  "system": "linux"
}