{
  "text_logic_form": [
    "Similar(Polygon($1),Polygon($2))",
    "Find(y)"
  ],
  "dissolved_text_logic_form": [
    "Similar(Triangle(R,T,S),Triangle(W,V,U))",
    "Find(y)"
  ],
  "diagram_logic_form": [
    "Equals(LengthOf(Line(R, T)), y+3)",
    "Equals(LengthOf(Line(T, S)), 49)",
    "Equals(LengthOf(Line(R, S)), x)",
    "Equals(LengthOf(Line(W, V)), 20)",
    "Equals(LengthOf(Line(U, V)), 21)",
    "Equals(LengthOf(Line(W, U)), 29)",
    "Equals(MeasureOf(Angle(R, T, S)), MeasureOf(Angle(W, V, U)))",
    "Equals(MeasureOf(Angle(T, S, R)), MeasureOf(Angle(V, W, U)))",
    "Equals(MeasureOf(Angle(S, R, T)), MeasureOf(Angle(V, U, W)))"
  ],
  "line_instances": [
    "RT",
    "SR",
    "ST",
    "UV",
    "WU",
    "WV"
  ],
  "point_positions": {
    "R": [
      0.0,
      0.0
    ],
    "S": [
      257.0,
      245.0
    ],
    "T": [
      256.0,
      1.0
    ]
  },
  "circle_instances": [
    ""
  ]
}