{
  "problem_text": "In the figure, m \\angle 11 = 62 and m \\angle 14 = 38. Find the measure of \\angle 10.",
  "choices": [
    "118",
    "132",
    "132",
    "142"
  ],
  "answer": "D",
  "detailed_solution": " ",
  "problem_type_graph": [
    "Line"
  ],
  "problem_type_goal": [
    "Angle"
  ],
  "source": "textbook1_chapter_3.pdf",
  "comment": "",
  "id": 1049,
  "annot_id": "pan_2020-03-15_00_25_30",
  "is_standard": false,
  "compact_choices": [
    "118",
    "132",
    "132",
    "142"
  ],
  "precise_value": [
    118.0,
    132.0,
    132.0,
    142.0
  ],
  "rough_value": [
    118,
    132,
    132,
    142
  ],
  "compact_text": "In the figure, m \\angle 11 = 62 and m \\angle 14 = 38. Find the measure of \\angle 10.",
  "annotat_text": "In the figure, $m\u222011 = 62$ and $m\u222014 = 38$. Find the measure of $\\angle 10$.",
  "unit": "",
  "img_width": 471,
  "img_height": 423,
  "data_type": "train",
  "date": "Fri Sep 18 22:23:14 2020",
  "system": "linux"
}