{
  "text_logic_form": [
    "Equals(MeasureOf(Angle(11)),62)",
    "Equals(MeasureOf(Angle(14)),38)",
    "Find(MeasureOf(Angle(10)))"
  ],
  "dissolved_text_logic_form": [
    "Equals(MeasureOf(Angle(11)),62)",
    "Equals(MeasureOf(Angle(14)),38)",
    "Find(MeasureOf(Angle(10)))"
  ],
  "diagram_logic_form": [
    "Equals(MeasureOf(Angle(J, C, I)), MeasureOf(angle 2))",
    "Equals(MeasureOf(Angle(N, C, J)), MeasureOf(angle 1))",
    "Equals(MeasureOf(Angle(I, C, O)), MeasureOf(angle 3))",
    "Equals(MeasureOf(Angle(K, C, N)), MeasureOf(angle 4))",
    "Equals(MeasureOf(Angle(O, C, B)), MeasureOf(angle 6))",
    "Equals(MeasureOf(Angle(F, C, G)), MeasureOf(angle 5))",
    "Equals(MeasureOf(Angle(C, K, B)), MeasureOf(angle 8))",
    "Equals(MeasureOf(Angle(M, B, C)), MeasureOf(angle 9))",
    "Equals(MeasureOf(Angle(J, B, H)), MeasureOf(angle 10))",
    "Equals(MeasureOf(Angle(M, K, I)), MeasureOf(angle 7))",
    "Equals(MeasureOf(Angle(G, K, M)), MeasureOf(angle 11))",
    "Equals(MeasureOf(Angle(B, K, G)), MeasureOf(angle 12))",
    "Equals(MeasureOf(Angle(F, B, M)), MeasureOf(angle 13))",
    "Equals(MeasureOf(Angle(H, B, F)), MeasureOf(angle 14))",
    "PointLiesOnLine(C, Line(B, J))",
    "PointLiesOnLine(K, Line(B, M))",
    "PointLiesOnLine(B, Line(H, K))",
    "PointLiesOnLine(B, Line(H, M))",
    "PointLiesOnLine(K, Line(H, M))",
    "PointLiesOnLine(C, Line(K, I))",
    "PointLiesOnLine(B, Line(C, F))",
    "PointLiesOnLine(K, Line(C, G))",
    "PointLiesOnLine(B, Line(F, J))",
    "PointLiesOnLine(C, Line(F, J))",
    "PointLiesOnLine(C, Line(G, I))",
    "PointLiesOnLine(K, Line(G, I))",
    "PointLiesOnLine(C, Line(N, O))",
    "PointLiesOnLine(E, Line(N, O))",
    "Parallel(Line(N, O), Line(M, H))"
  ],
  "line_instances": [
    "BC",
    "BF",
    "BH",
    "BJ",
    "BK",
    "BM",
    "CF",
    "CG",
    "CI",
    "CJ",
    "CN",
    "CO",
    "FJ",
    "GI",
    "HK",
    "HM",
    "KC",
    "KG",
    "KI",
    "KM",
    "NO"
  ],
  "point_positions": {
    "B": [
      288.0,
      254.0
    ],
    "C": [
      204.0,
      128.0
    ],
    "F": [
      369.0,
      376.0
    ],
    "G": [
      119.0,
      380.0
    ],
    "H": [
      434.0,
      253.0
    ],
    "I": [
      244.0,
      4.0
    ],
    "J": [
      151.0,
      47.0
    ],
    "K": [
      160.0,
      255.0
    ],
    "M": [
      0.0,
      253.0
    ],
    "N": [
      5.0,
      128.0
    ],
    "O": [
      429.0,
      128.0
    ]
  },
  "circle_instances": [
    ""
  ]
}