{
  "problem_text": "Find the measure of \\angle 2.",
  "choices": [
    "110",
    "120",
    "130",
    "140"
  ],
  "answer": "A",
  "detailed_solution": " ",
  "problem_type_graph": [
    "Triangle"
  ],
  "problem_type_goal": [
    "Angle"
  ],
  "source": "Textbook 2_Chapter 4 - Congruent Triangles.pdf",
  "comment": "",
  "id": 1011,
  "annot_id": "pan_2020-03-18_05_54_08",
  "is_standard": false,
  "compact_choices": [
    "110",
    "120",
    "130",
    "140"
  ],
  "precise_value": [
    110.0,
    120.0,
    130.0,
    140.0
  ],
  "rough_value": [
    110,
    120,
    130,
    140
  ],
  "compact_text": "Find the measure of \\angle 2.",
  "annotat_text": "Find the measure of $\\angle 2$.",
  "unit": "",
  "img_width": 373,
  "img_height": 170,
  "data_type": "train",
  "date": "Fri Sep 18 22:23:14 2020",
  "system": "linux"
}