{
  "text_logic_form": [
    "Find(MeasureOf(Angle(2)))"
  ],
  "dissolved_text_logic_form": [
    "Find(MeasureOf(Angle(2)))"
  ],
  "diagram_logic_form": [
    "Equals(MeasureOf(Angle(D, A, C)), MeasureOf(angle 1))",
    "Equals(MeasureOf(Angle(B, A, D)), MeasureOf(angle 3))",
    "Equals(MeasureOf(Angle(A, D, B)), MeasureOf(angle 2))",
    "Equals(MeasureOf(Angle(A, C, D)), 50)",
    "Equals(MeasureOf(Angle(D, B, A)), 21)",
    "Equals(MeasureOf(Angle(A, D, C)), 70)",
    "PointLiesOnLine(D, Line(B, C))"
  ],
  "line_instances": [
    "AB",
    "AC",
    "AD",
    "BC",
    "BD",
    "CD"
  ],
  "point_positions": {
    "A": [
      76.0,
      1.0
    ],
    "B": [
      337.0,
      100.0
    ],
    "C": [
      0.0,
      100.0
    ],
    "D": [
      119.0,
      100.0
    ]
  },
  "circle_instances": [
    ""
  ]
}