{
  "problem_text": "Find the area of the shaded region. Assume that the triangle is equilateral.",
  "choices": [
    "20.8",
    "29.5",
    "50.3",
    "71.1"
  ],
  "answer": "B",
  "detailed_solution": " ",
  "problem_type_graph": [
    "Circle",
    "Triangle"
  ],
  "problem_type_goal": [
    "Area"
  ],
  "source": "Textbook 2_Chapter 11 - Areas of Polygons and Circles.pdf",
  "comment": "complex area",
  "id": 1074,
  "annot_id": "pan_2020-03-22_05_51_20",
  "is_standard": false,
  "compact_choices": [
    "20.8",
    "29.5",
    "50.3",
    "71.1"
  ],
  "precise_value": [
    20.8,
    29.5,
    50.3,
    71.1
  ],
  "rough_value": [
    20.8,
    29.5,
    50.3,
    71.1
  ],
  "compact_text": "Find the area of the shaded region. Assume that the triangle is equilateral.",
  "annotat_text": "Find the area of the shaded region. Assume that the triangle is equilateral.",
  "unit": "",
  "img_width": 272,
  "img_height": 256,
  "data_type": "train",
  "date": "Fri Sep 18 22:23:14 2020",
  "system": "linux"
}