{
  "problem_text": "If m \\angle Z X W = x - 11 and m \\angle W Z X = x - 9, find m \\angle Z X Y.",
  "choices": [
    "24",
    "46",
    "48",
    "96"
  ],
  "answer": "B",
  "detailed_solution": " ",
  "problem_type_graph": [
    "Rectangle"
  ],
  "problem_type_goal": [
    "Angle"
  ],
  "source": "textbook1_chapter6.pdf page 33",
  "comment": "",
  "id": 1165,
  "annot_id": "Ran_2020-03-19_03_45_37",
  "is_standard": false,
  "compact_choices": [
    "24",
    "46",
    "48",
    "96"
  ],
  "precise_value": [
    24.0,
    46.0,
    48.0,
    96.0
  ],
  "rough_value": [
    24,
    46,
    48,
    96
  ],
  "compact_text": "If m \\angle ZXW = x-11 and m \\angle WZX = x-9, find m \\angle ZXY.",
  "annotat_text": "If $m\\angle ZXW = x - 11$ and $m \\angle WZX = x - 9$, find $m\\angle ZXY$.",
  "unit": "",
  "img_width": 393,
  "img_height": 246,
  "data_type": "train",
  "date": "Fri Sep 18 22:23:14 2020",
  "system": "linux"
}