{
  "text_logic_form": [
    "Equals(MeasureOf(Angle(Z,X,W)),x-11)",
    "Equals(MeasureOf(Angle(W,Z,X)),x-9)",
    "Find(MeasureOf(Angle(Z,X,Y)))"
  ],
  "dissolved_text_logic_form": [
    "Equals(MeasureOf(Angle(Z,X,W)),x-11)",
    "Equals(MeasureOf(Angle(W,Z,X)),x-9)",
    "Find(MeasureOf(Angle(Z,X,Y)))"
  ],
  "diagram_logic_form": [
    "PointLiesOnLine(P, Line(W, Y))",
    "PointLiesOnLine(P, Line(Z, X))",
    "Perpendicular(Line(W, X), Line(W, Z))"
  ],
  "line_instances": [
    "WP",
    "WX",
    "WY",
    "WZ",
    "XP",
    "YP",
    "YX",
    "YZ",
    "ZP",
    "ZX"
  ],
  "point_positions": {
    "P": [
      140.0,
      69.0
    ],
    "W": [
      1.0,
      137.0
    ],
    "X": [
      276.0,
      137.0
    ],
    "Y": [
      277.0,
      2.0
    ],
    "Z": [
      2.0,
      0.0
    ]
  },
  "circle_instances": [
    ""
  ]
}