{
  "problem_text": "Find the area of the quadrilateral.",
  "choices": [
    "2450",
    "2829.0",
    "3464.8",
    "4900"
  ],
  "answer": "B",
  "detailed_solution": " ",
  "problem_type_graph": [
    "Rectangle"
  ],
  "problem_type_goal": [
    "Area"
  ],
  "source": "Textbook 2_Chapter 11 - Areas of Polygons and Circles.pdf",
  "comment": "",
  "id": 1107,
  "annot_id": "pan_2020-03-22_06_26_49",
  "is_standard": false,
  "unit": "yd^2",
  "compact_choices": [
    "2450",
    "2829.0",
    "3464.8",
    "4900"
  ],
  "precise_value": [
    2450.0,
    2829.0,
    3464.8,
    4900.0
  ],
  "rough_value": [
    2450,
    2829,
    3464.8,
    4900
  ],
  "compact_text": "Find the area of the quadrilateral.",
  "annotat_text": "Find the area of the quadrilateral.",
  "img_width": 297,
  "img_height": 291,
  "data_type": "train",
  "date": "Fri Sep 18 22:23:14 2020",
  "system": "linux"
}