{
  "problem_text": "Find y.",
  "choices": [
    "30",
    "35",
    "40",
    "45"
  ],
  "answer": "C",
  "detailed_solution": " ",
  "problem_type_graph": [
    "Triangle"
  ],
  "problem_type_goal": [
    "Angle"
  ],
  "source": "textbook1_chapter_4.pdf",
  "comment": "",
  "id": 1142,
  "annot_id": "Shibiao_2020-03-21_13_56_18",
  "is_standard": false,
  "compact_choices": [
    "30",
    "35",
    "40",
    "45"
  ],
  "precise_value": [
    30.0,
    35.0,
    40.0,
    45.0
  ],
  "rough_value": [
    30,
    35,
    40,
    45
  ],
  "compact_text": "Find y.",
  "annotat_text": "Find $y$.",
  "unit": "",
  "img_width": 423,
  "img_height": 220,
  "data_type": "train",
  "date": "Fri Sep 18 22:23:14 2020",
  "system": "linux"
}