{
  "text_logic_form": [
    "Find(y)"
  ],
  "dissolved_text_logic_form": [
    "Find(y)"
  ],
  "diagram_logic_form": [
    "Equals(MeasureOf(Angle(D, F, E)), 2x)",
    "Equals(MeasureOf(Angle(C, E, B)), 40)",
    "Equals(MeasureOf(Angle(D, E, F)), y)",
    "Equals(MeasureOf(Angle(D, E, F)), Angle(E, D, F))",
    "PointLiesOnLine(E, Line(F, B))",
    "PointLiesOnLine(E, Line(C, D))"
  ],
  "line_instances": [
    "BC",
    "BE",
    "CD",
    "CE",
    "ED",
    "FB",
    "FD",
    "FE"
  ],
  "point_positions": {
    "B": [
      357.0,
      133.0
    ],
    "C": [
      360.0,
      3.0
    ],
    "D": [
      1.0,
      132.0
    ],
    "E": [
      181.0,
      67.0
    ],
    "F": [
      4.0,
      2.0
    ]
  },
  "circle_instances": [
    ""
  ]
}