{
  "problem_text": "Find the area of the figure. Round to the nearest tenth if necessary.",
  "choices": [
    "374.5",
    "431.1",
    "692.5",
    "749.1"
  ],
  "answer": "A",
  "detailed_solution": " ",
  "problem_type_graph": [
    "Circle",
    "Rectangle",
    "Triangle",
    "Trapezoid"
  ],
  "problem_type_goal": [
    "Area"
  ],
  "source": "textbook1_chapter_11.pdf",
  "comment": "",
  "id": 1143,
  "annot_id": "pan_2020-03-23_04_42_46",
  "is_standard": false,
  "unit": "cm^2",
  "compact_choices": [
    "374.5",
    "431.1",
    "692.5",
    "749.1"
  ],
  "precise_value": [
    374.5,
    431.1,
    692.5,
    749.1
  ],
  "rough_value": [
    374.5,
    431.1,
    692.5,
    749.1
  ],
  "compact_text": "Find the area of the figure. Round to the nearest tenth if necessary.",
  "annotat_text": "Find the area of the figure. Round to the nearest tenth if necessary.",
  "img_width": 384,
  "img_height": 180,
  "data_type": "train",
  "date": "Fri Sep 18 22:23:14 2020",
  "system": "linux"
}