{
  "problem_text": "Line l is parallel to line m. What is the value of x?",
  "choices": [
    "30",
    "40",
    "50",
    "60"
  ],
  "answer": "C",
  "detailed_solution": " ",
  "problem_type_graph": [
    "Line",
    "Triangle"
  ],
  "problem_type_goal": [
    "Angle"
  ],
  "source": "Textbook 2_Chapter 3 - Parallel and Perpendicular Lines.pdf",
  "comment": "",
  "id": 1196,
  "annot_id": "pan_2020-03-17_03_03_36",
  "is_standard": true,
  "compact_choices": [
    "30",
    "40",
    "50",
    "60"
  ],
  "precise_value": [
    30.0,
    40.0,
    50.0,
    60.0
  ],
  "rough_value": [
    30,
    40,
    50,
    60
  ],
  "compact_text": "Line l is parallel to line m. What is the value of x?",
  "annotat_text": "Line $l$ is parallel to line $m$. What is the value of $x$?",
  "unit": "",
  "img_width": 478,
  "img_height": 219,
  "data_type": "train",
  "date": "Fri Sep 18 22:23:14 2020",
  "system": "linux"
}