{
  "problem_text": "Find the measure of \\angle R to the nearest tenth.",
  "choices": [
    "32.5",
    "39.6",
    "50.4",
    "57.5"
  ],
  "answer": "B",
  "detailed_solution": " ",
  "problem_type_graph": [
    "Triangle"
  ],
  "problem_type_goal": [
    "Angle"
  ],
  "source": "textbook1_chapter_8.pdf",
  "comment": "",
  "id": 1147,
  "annot_id": "pan_2020-03-25_23_19_38",
  "is_standard": false,
  "compact_choices": [
    "32.5",
    "39.6",
    "50.4",
    "57.5"
  ],
  "precise_value": [
    32.5,
    39.6,
    50.4,
    57.5
  ],
  "rough_value": [
    32.5,
    39.6,
    50.4,
    57.5
  ],
  "compact_text": "Find the measure of \\angle R to the nearest tenth.",
  "annotat_text": "Find the measure of $\u2220R$ to the nearest tenth.",
  "unit": "",
  "img_width": 297,
  "img_height": 275,
  "data_type": "train",
  "date": "Fri Sep 18 22:23:14 2020",
  "system": "linux"
}