{
  "problem_text": "Find m \\angle Q.",
  "choices": [
    "30",
    "60",
    "120",
    "150"
  ],
  "answer": "B",
  "detailed_solution": " ",
  "problem_type_graph": [
    "Trapezoid"
  ],
  "problem_type_goal": [
    "Angle"
  ],
  "source": "textbook2_chapter8.pdf page 8",
  "comment": "",
  "id": 1069,
  "annot_id": "Ran_2020-03-27_01_01_30",
  "is_standard": false,
  "compact_choices": [
    "30",
    "60",
    "120",
    "150"
  ],
  "precise_value": [
    30.0,
    60.0,
    120.0,
    150.0
  ],
  "rough_value": [
    30,
    60,
    120,
    150
  ],
  "compact_text": "Find m \\angle Q.",
  "annotat_text": "Find $m\\angle Q$",
  "unit": "",
  "img_width": 333,
  "img_height": 134,
  "data_type": "train",
  "date": "Fri Sep 18 22:23:14 2020",
  "system": "linux"
}