{
  "problem_text": "Find m \\angle C.",
  "choices": [
    "40",
    "49",
    "80",
    "98"
  ],
  "answer": "B",
  "detailed_solution": " ",
  "problem_type_graph": [
    "Circle"
  ],
  "problem_type_goal": [
    "Angle"
  ],
  "source": "textbook1_chapter_10.pdf",
  "comment": "",
  "id": 1059,
  "annot_id": "Shibiao_2020-03-28_08_51_34",
  "is_standard": false,
  "compact_choices": [
    "40",
    "49",
    "80",
    "98"
  ],
  "precise_value": [
    40.0,
    49.0,
    80.0,
    98.0
  ],
  "rough_value": [
    40,
    49,
    80,
    98
  ],
  "compact_text": "Find m \\angle C.",
  "annotat_text": "Find $m \\angle C$.",
  "unit": "",
  "img_width": 489,
  "img_height": 468,
  "data_type": "train",
  "date": "Fri Sep 18 22:23:14 2020",
  "system": "linux"
}