{
  "problem_text": "Use parallelogram A B C D to find x.",
  "choices": [
    "2",
    "5",
    "25",
    "50"
  ],
  "answer": "B",
  "detailed_solution": " ",
  "problem_type_graph": [
    "Parallelogram"
  ],
  "problem_type_goal": [
    "Length"
  ],
  "source": "textbook2_chapter8.pdf page 31",
  "comment": "",
  "id": 1113,
  "annot_id": "Ran_2020-03-27_04_25_40",
  "is_standard": false,
  "compact_choices": [
    "2",
    "5",
    "25",
    "50"
  ],
  "precise_value": [
    2.0,
    5.0,
    25.0,
    50.0
  ],
  "rough_value": [
    2,
    5,
    25,
    50
  ],
  "compact_text": "Use parallelogram ABCD to find x.",
  "annotat_text": "Use parallelogram ABCD to find $x$",
  "unit": "",
  "img_width": 345,
  "img_height": 252,
  "data_type": "train",
  "date": "Fri Sep 18 22:23:14 2020",
  "system": "linux"
}