{
  "text_logic_form": [
    "Parallelogram(A,B,C,D)",
    "Find(x)"
  ],
  "dissolved_text_logic_form": [
    "Parallelogram(A,B,C,D)",
    "Find(x)"
  ],
  "diagram_logic_form": [
    "Equals(LengthOf(Line(B, C)), 3y-4)",
    "Equals(MeasureOf(Angle(D, C, F)), 54)",
    "Equals(LengthOf(Line(D, C)), 25)",
    "Equals(LengthOf(Line(B, A)), 5x)",
    "Equals(MeasureOf(Angle(F, A, D)), 49)",
    "Equals(MeasureOf(Angle(A, D, B)), 34)",
    "Equals(LengthOf(Line(D, A)), 29)",
    "PointLiesOnLine(F, Line(B, D))",
    "PointLiesOnLine(F, Line(A, C))"
  ],
  "line_instances": [
    "AC",
    "AF",
    "BA",
    "BC",
    "BD",
    "BF",
    "CF",
    "DA",
    "DC",
    "DF"
  ],
  "point_positions": {
    "A": [
      39.0,
      146.0
    ],
    "B": [
      -0.0,
      0.0
    ],
    "C": [
      204.0,
      2.0
    ],
    "D": [
      244.0,
      146.0
    ],
    "F": [
      123.0,
      73.0
    ]
  },
  "circle_instances": [
    ""
  ]
}