{
  "problem_text": "Use parallelogram A B C D to find y.",
  "choices": [
    "3",
    "6",
    "10",
    "13"
  ],
  "answer": "B",
  "detailed_solution": " ",
  "problem_type_graph": [
    "Parallelogram"
  ],
  "problem_type_goal": [
    "Length"
  ],
  "source": "textbook1_chapter6.pdf page 20",
  "comment": "",
  "id": 1137,
  "annot_id": "Ran_2020-03-15_05_59_26",
  "is_standard": false,
  "compact_choices": [
    "3",
    "6",
    "10",
    "13"
  ],
  "precise_value": [
    3.0,
    6.0,
    10.0,
    13.0
  ],
  "rough_value": [
    3,
    6,
    10,
    13
  ],
  "compact_text": "Use parallelogram ABCD to find y.",
  "annotat_text": "Use parallelogram ABCD to find $y$",
  "unit": "",
  "img_width": 539,
  "img_height": 446,
  "data_type": "train",
  "date": "Fri Sep 18 22:23:14 2020",
  "system": "linux"
}