{
  "problem_text": "If M N \\parallel P Q, use a proportion to find the value of x.",
  "choices": [
    "5",
    "8",
    "10",
    "12"
  ],
  "answer": "C",
  "detailed_solution": " ",
  "problem_type_graph": [
    "Triangle"
  ],
  "problem_type_goal": [
    "Length"
  ],
  "source": "textbook1_chapter_8.pdf",
  "comment": "",
  "id": 1102,
  "annot_id": "pan_2020-03-23_21_59_22",
  "is_standard": false,
  "compact_choices": [
    "5",
    "8",
    "10",
    "12"
  ],
  "precise_value": [
    5.0,
    8.0,
    10.0,
    12.0
  ],
  "rough_value": [
    5,
    8,
    10,
    12
  ],
  "compact_text": "If MN \\parallel PQ, use a proportion to find the value of x.",
  "annotat_text": "If $\\overline{M N} \\| \\overline{P Q}$, use a proportion to find the value of $x$. ",
  "unit": "",
  "img_width": 369,
  "img_height": 267,
  "data_type": "train",
  "date": "Fri Sep 18 22:23:14 2020",
  "system": "linux"
}