{
  "problem_text": "If b = 18, find c.",
  "choices": [
    "9",
    "6 \\sqrt { 3 }",
    "18",
    "12 \\sqrt { 3 }"
  ],
  "answer": "D",
  "detailed_solution": " ",
  "problem_type_graph": [
    "Triangle"
  ],
  "problem_type_goal": [
    "Length"
  ],
  "source": "textbook2_chapter7.pdf page 21",
  "comment": "",
  "id": 104,
  "annot_id": "Ran_2020-03-22_04_21_20",
  "is_standard": false,
  "compact_choices": [
    "9",
    "6\\sqrt{3}",
    "18",
    "12\\sqrt{3}"
  ],
  "precise_value": [
    9.0,
    10.392304845413264,
    18.0,
    20.784609690826528
  ],
  "rough_value": [
    9,
    10.39,
    18,
    20.78
  ],
  "compact_text": "If b = 18, find c.",
  "annotat_text": "If $b=18,$ find $c$ ",
  "unit": "",
  "img_width": 339,
  "img_height": 195,
  "data_type": "train",
  "date": "Fri Sep 18 22:23:14 2020",
  "system": "linux"
}