{
  "problem_text": "Find \\angle 8.",
  "choices": [
    "20",
    "70",
    "90",
    "180"
  ],
  "answer": "C",
  "detailed_solution": " ",
  "problem_type_graph": [
    "Circle"
  ],
  "problem_type_goal": [
    "Angle"
  ],
  "source": "textbook2_chapter10.pdf page 46",
  "comment": "",
  "id": 120,
  "annot_id": "Ran_2020-03-29_04_40_11",
  "is_standard": false,
  "compact_choices": [
    "20",
    "70",
    "90",
    "180"
  ],
  "precise_value": [
    20.0,
    70.0,
    90.0,
    180.0
  ],
  "rough_value": [
    20,
    70,
    90,
    180
  ],
  "compact_text": "Find \\angle 8.",
  "annotat_text": "Find $\\angle 8$",
  "unit": "",
  "img_width": 193,
  "img_height": 154,
  "data_type": "train",
  "date": "Fri Sep 18 22:23:14 2020",
  "system": "linux"
}