{
  "text_logic_form": [
    "Find(MeasureOf(Angle(8)))"
  ],
  "dissolved_text_logic_form": [
    "Find(MeasureOf(Angle(8)))"
  ],
  "diagram_logic_form": [
    "Equals(MeasureOf(Angle(B, F, D)), MeasureOf(Angle(8)))",
    "PointLiesOnLine(B, Line(A, E))",
    "PointLiesOnLine(A, Line(E, F))",
    "PointLiesOnLine(A, Line(B, F))",
    "PointLiesOnLine(B, Line(E, F))",
    "PointLiesOnCircle(B, Circle(A, radius_0_0))",
    "PointLiesOnCircle(F, Circle(A, radius_0_0))"
  ],
  "line_instances": [
    "AB",
    "AE",
    "AF",
    "BE",
    "BF",
    "EF",
    "FD"
  ],
  "point_positions": {
    "A": [
      59.0,
      51.0
    ],
    "B": [
      63.0,
      97.0
    ],
    "D": [
      1.0,
      6.0
    ],
    "E": [
      62.0,
      136.0
    ],
    "F": [
      62.0,
      6.0
    ]
  },
  "circle_instances": [
    "A"
  ]
}