{
  "problem_text": "In \\odot K, M N = 16 and m \\widehat M N = 98. Find the measure of m \\widehat N J. Round to the nearest hundredth.",
  "choices": [
    "49.00",
    "82.00",
    "98.00",
    "131.00"
  ],
  "answer": "D",
  "detailed_solution": " ",
  "problem_type_graph": [
    "Circle"
  ],
  "problem_type_goal": [
    "Angle"
  ],
  "source": "textbook1_chapter_10.pdf",
  "comment": "",
  "id": 1093,
  "annot_id": "pan_2020-03-27_22_08_18",
  "is_standard": false,
  "compact_choices": [
    "49.00",
    "82.00",
    "98.00",
    "131.00"
  ],
  "precise_value": [
    49.0,
    82.0,
    98.0,
    131.0
  ],
  "rough_value": [
    49,
    82,
    98,
    131
  ],
  "compact_text": "In \\odot K, MN = 16 and m \\widehat MN = 98. Find the measure of m \\widehat NJ. Round to the nearest hundredth.",
  "annotat_text": "$\\ln \\odot K$, $ M N=16$ and $m \\widehat{M N}=98$. Find the measure of $m \\widehat{NJ}$. Round to the nearest hundredth.",
  "unit": "",
  "img_width": 264,
  "img_height": 255,
  "data_type": "train",
  "date": "Fri Sep 18 22:23:14 2020",
  "system": "linux"
}