{
  "text_logic_form": [
    "Circle(K)",
    "Equals(LengthOf(Line(M,N)),16)",
    "Equals(MeasureOf(Arc(M,N)),98)",
    "Find(MeasureOf(Arc(N,J)))"
  ],
  "dissolved_text_logic_form": [
    "Circle(K)",
    "Equals(LengthOf(Line(M,N)),16)",
    "Equals(MeasureOf(Arc(M,N)),98)",
    "Find(MeasureOf(Arc(N,J)))"
  ],
  "diagram_logic_form": [
    "Equals(LengthOf(Line(J, K)), 10)",
    "PointLiesOnLine(P, Line(M, N))",
    "PointLiesOnLine(K, Line(P, J))",
    "PointLiesOnLine(P, Line(L, J))",
    "PointLiesOnLine(K, Line(L, J))",
    "PointLiesOnLine(P, Line(L, K))",
    "PointLiesOnCircle(M, Circle(K, radius_7_0))",
    "PointLiesOnCircle(J, Circle(K, radius_7_0))",
    "PointLiesOnCircle(N, Circle(K, radius_7_0))",
    "PointLiesOnCircle(L, Circle(K, radius_7_0))",
    "Perpendicular(Line(P, K), Line(M, P))"
  ],
  "line_instances": [
    "JK",
    "LJ",
    "LK",
    "ML",
    "MN",
    "MP",
    "NL",
    "PJ",
    "PK",
    "PL",
    "PN"
  ],
  "point_positions": {
    "J": [
      160.0,
      24.0
    ],
    "K": [
      93.0,
      97.0
    ],
    "L": [
      33.0,
      166.0
    ],
    "M": [
      1.0,
      96.0
    ],
    "N": [
      98.0,
      186.0
    ],
    "P": [
      52.0,
      144.0
    ]
  },
  "circle_instances": [
    "K"
  ]
}