{
  "problem_text": "Use parallelogram M N P R to find y.",
  "choices": [
    "6.45",
    "12.9",
    "17.9",
    "35.8"
  ],
  "answer": "A",
  "detailed_solution": " ",
  "problem_type_graph": [
    "Parallelogram"
  ],
  "problem_type_goal": [
    "Length"
  ],
  "source": "textbook2_chapter8.pdf page 16",
  "comment": "",
  "id": 1,
  "annot_id": "Ran_2020-03-27_01_23_57",
  "is_standard": false,
  "compact_choices": [
    "6.45",
    "12.9",
    "17.9",
    "35.8"
  ],
  "precise_value": [
    6.45,
    12.9,
    17.9,
    35.8
  ],
  "rough_value": [
    6.45,
    12.9,
    17.9,
    35.8
  ],
  "compact_text": "Use parallelogram MNPR to find y.",
  "annotat_text": "Use parallelogram MNPR to find $y$",
  "unit": "",
  "img_width": 337,
  "img_height": 259,
  "data_type": "train",
  "date": "Fri Sep 18 22:23:14 2020",
  "system": "linux"
}