{
  "problem_text": "Express the ratio of \\tan Q as a decimal to the nearest hundredth.",
  "choices": [
    "0.47",
    "0.53",
    "0.88",
    "1.88"
  ],
  "answer": "B",
  "detailed_solution": " ",
  "problem_type_graph": [
    "Triangle"
  ],
  "problem_type_goal": [
    "Angle"
  ],
  "source": "textbook1_chapter_8.pdf",
  "comment": "",
  "id": 1110,
  "annot_id": "pan_2020-03-25_19_20_43",
  "is_standard": false,
  "compact_choices": [
    "0.47",
    "0.53",
    "0.88",
    "1.88"
  ],
  "precise_value": [
    0.47,
    0.53,
    0.88,
    1.88
  ],
  "rough_value": [
    0.47,
    0.53,
    0.88,
    1.88
  ],
  "compact_text": "Express the ratio of \\tan Q as a decimal to the nearest hundredth.",
  "annotat_text": "Express the ratio of $\\tan Q$ as a decimal to the nearest hundredth.",
  "unit": "",
  "img_width": 267,
  "img_height": 412,
  "data_type": "train",
  "date": "Fri Sep 18 22:23:14 2020",
  "system": "linux"
}