{
  "problem_text": "Find x.",
  "choices": [
    "5",
    "10",
    "20",
    "100"
  ],
  "answer": "B",
  "detailed_solution": " ",
  "problem_type_graph": [
    "Triangle"
  ],
  "problem_type_goal": [
    "Length"
  ],
  "source": "textbook1_chapter_8.pdf",
  "comment": "",
  "id": 1160,
  "annot_id": "pan_2020-03-23_19_50_35",
  "is_standard": false,
  "compact_choices": [
    "5",
    "10",
    "20",
    "100"
  ],
  "precise_value": [
    5.0,
    10.0,
    20.0,
    100.0
  ],
  "rough_value": [
    5,
    10,
    20,
    100
  ],
  "compact_text": "Find x.",
  "annotat_text": "Find $x$.",
  "unit": "",
  "img_width": 270,
  "img_height": 460,
  "data_type": "train",
  "date": "Fri Sep 18 22:23:14 2020",
  "system": "linux"
}