{
  "text_logic_form": [
    "Find(x)"
  ],
  "dissolved_text_logic_form": [
    "Find(x)"
  ],
  "diagram_logic_form": [
    "Equals(LengthOf(Line(K, M)), 20)",
    "Equals(LengthOf(Line(L, K)), z)",
    "Equals(LengthOf(Line(L, M)), x)",
    "Equals(LengthOf(Line(J, M)), 5)",
    "Equals(LengthOf(Line(L, J)), y)",
    "PointLiesOnLine(M, Line(K, J))",
    "Perpendicular(Line(K, M), Line(L, M))",
    "Perpendicular(Line(L, K), Line(L, J))"
  ],
  "line_instances": [
    "JM",
    "KJ",
    "KM",
    "LJ",
    "LK",
    "LM"
  ],
  "point_positions": {
    "J": [
      0.0,
      346.0
    ],
    "K": [
      173.0,
      0.0
    ],
    "L": [
      173.0,
      347.0
    ],
    "M": [
      33.0,
      279.0
    ]
  },
  "circle_instances": [
    ""
  ]
}