{
  "problem_text": "Find y.",
  "choices": [
    "\\sqrt { 29 }",
    "\\sqrt { 31 }",
    "\\sqrt { 33 }",
    "\\sqrt { 35 }"
  ],
  "answer": "C",
  "detailed_solution": " ",
  "problem_type_graph": [
    "Triangle"
  ],
  "problem_type_goal": [
    "Length"
  ],
  "source": "textbook2_chapter7.pdf page 7",
  "comment": "",
  "id": 1220,
  "annot_id": "Ran_2020-03-22_02_07_40",
  "is_standard": false,
  "compact_choices": [
    "\\sqrt{29}",
    "\\sqrt{31}",
    "\\sqrt{33}",
    "\\sqrt{35}"
  ],
  "precise_value": [
    5.385164807134504,
    5.5677643628300215,
    5.744562646538029,
    5.916079783099616
  ],
  "rough_value": [
    5.39,
    5.57,
    5.74,
    5.92
  ],
  "compact_text": "Find y.",
  "annotat_text": "Find y",
  "unit": "",
  "img_width": 407,
  "img_height": 213,
  "data_type": "train",
  "date": "Fri Sep 18 22:23:14 2020",
  "system": "linux"
}