{
  "text_logic_form": [
    "Find(y)"
  ],
  "dissolved_text_logic_form": [
    "Find(y)"
  ],
  "diagram_logic_form": [
    "Equals(LengthOf(Line(C, A)), y)",
    "Equals(LengthOf(Line(C, D)), x)",
    "Equals(LengthOf(Line(B, D)), 8)",
    "Equals(LengthOf(Line(A, D)), 3)",
    "PointLiesOnLine(D, Line(B, A))",
    "Perpendicular(Line(B, C), Line(C, A))",
    "Perpendicular(Line(C, D), Line(B, D))"
  ],
  "line_instances": [
    "BC",
    "BA",
    "BD",
    "CA",
    "CD",
    "AD"
  ],
  "circle_instances": [],
  "point_positions": {
    "B": [
      0.5628019323671367,
      137.33333333333331
    ],
    "C": [
      231.4328197365449,
      0.33592650796913404
    ],
    "A": [
      321.55392156862746,
      136.66666666666666
    ],
    "D": [
      234.9855072463768,
      137.5
    ]
  }
}