{
  "problem_text": "The two circles are congruent. Find x.",
  "choices": [
    "9",
    "16",
    "31",
    "41"
  ],
  "answer": "B",
  "detailed_solution": " ",
  "problem_type_graph": [
    "Circle"
  ],
  "problem_type_goal": [
    "Length"
  ],
  "source": "textbook1_chapter_10.pdf",
  "comment": "! two subgraph",
  "id": 1055,
  "annot_id": "Shibiao_2020-03-28_09_57_54",
  "is_standard": false,
  "compact_choices": [
    "9",
    "16",
    "31",
    "41"
  ],
  "precise_value": [
    9.0,
    16.0,
    31.0,
    41.0
  ],
  "rough_value": [
    9,
    16,
    31,
    41
  ],
  "compact_text": "The two circles are congruent. Find x.",
  "annotat_text": "The two circles are congruent. Find $x$.",
  "unit": "",
  "img_width": 959,
  "img_height": 495,
  "data_type": "train",
  "date": "Fri Sep 18 22:23:14 2020",
  "system": "linux"
}