{
  "text_logic_form": [
    "Rectangle(A,B,C,D)",
    "Equals(MeasureOf(Angle(A,D,B)),4x+8)",
    "Equals(MeasureOf(Angle(D,B,A)),6x+12)",
    "Find(x)"
  ],
  "dissolved_text_logic_form": [
    "Rectangle(A,B,C,D)",
    "Equals(MeasureOf(Angle(A,D,B)),4x+8)",
    "Equals(MeasureOf(Angle(D,B,A)),6x+12)",
    "Find(x)"
  ],
  "diagram_logic_form": [
    "PointLiesOnLine(F, Line(A, C))",
    "PointLiesOnLine(F, Line(D, B))"
  ],
  "line_instances": [
    "AB",
    "AC",
    "AD",
    "AF",
    "BF",
    "CB",
    "CF",
    "DB",
    "DC",
    "DF"
  ],
  "point_positions": {
    "A": [
      -0.0,
      0.0
    ],
    "B": [
      2.0,
      190.0
    ],
    "C": [
      449.0,
      189.0
    ],
    "D": [
      448.0,
      2.0
    ],
    "F": [
      226.0,
      95.0
    ]
  },
  "circle_instances": [
    ""
  ]
}