{
  "problem_text": "m \\angle 11 = 4 x, m \\angle 12 = 2 x - 6. Find the measure of \\angle 12.",
  "choices": [
    "50",
    "52",
    "56",
    "62"
  ],
  "answer": "C",
  "detailed_solution": " ",
  "problem_type_graph": [
    "Line"
  ],
  "problem_type_goal": [
    "Angle"
  ],
  "source": "textbook1_chapter_3.pdf",
  "comment": "",
  "id": 1176,
  "annot_id": "pan_2020-03-13_21_24_39",
  "is_standard": false,
  "compact_choices": [
    "50",
    "52",
    "56",
    "62"
  ],
  "precise_value": [
    50.0,
    52.0,
    56.0,
    62.0
  ],
  "rough_value": [
    50,
    52,
    56,
    62
  ],
  "compact_text": "m \\angle 11 = 4x, m \\angle 12 = 2x-6. Find the measure of \\angle 12.",
  "annotat_text": "$m\u222011 = 4x$, $m\u222012 = 2x -6 $. Find the measure of $\\angle 12$.",
  "unit": "",
  "img_width": 376,
  "img_height": 155,
  "data_type": "train",
  "date": "Fri Sep 18 22:23:14 2020",
  "system": "linux"
}