{
  "problem_text": "If A B C D E \\sim P Q R S T, find the scale factor of A B C D E to P Q R S T.",
  "choices": [
    "\\frac { 4 } { 3 }",
    "2",
    "\\frac { 8 } { 3 }",
    "4"
  ],
  "answer": "A",
  "detailed_solution": " ",
  "problem_type_graph": [
    "Other"
  ],
  "problem_type_goal": [
    "Ratio"
  ],
  "source": "textbook1_chapter_7.pdf",
  "comment": "! two subgraph",
  "id": 1015,
  "annot_id": "Shibiao_2020-03-22_09_25_42",
  "is_standard": false,
  "compact_choices": [
    "\\frac{4}{3}",
    "2",
    "\\frac{8}{3}",
    "4"
  ],
  "precise_value": [
    1.3333333333333333,
    2.0,
    2.6666666666666665,
    4.0
  ],
  "rough_value": [
    1.33,
    2,
    2.67,
    4
  ],
  "compact_text": "If ABCDE \\sim PQRST, find the scale factor of ABCDE to PQRST.",
  "annotat_text": "If $ABCDE \\sim PQRST,$ find the scale factor of $ABCDE$ to $PQRST$.",
  "unit": "",
  "img_width": 666,
  "img_height": 803,
  "data_type": "train",
  "date": "Fri Sep 18 22:23:14 2020",
  "system": "linux"
}