{
  "problem_text": "Find x.",
  "choices": [
    "\\frac { 17 \\sqrt { 2 } } { 2 }",
    "17",
    "17 \\sqrt { 2 }",
    "34"
  ],
  "answer": "A",
  "detailed_solution": " ",
  "problem_type_graph": [
    "Square",
    "Triangle"
  ],
  "problem_type_goal": [
    "Length"
  ],
  "source": "textbook2_chapter7.pdf page 21",
  "comment": "",
  "id": 1091,
  "annot_id": "Ran_2020-03-22_04_28_39",
  "is_standard": false,
  "compact_choices": [
    "\\frac{17\\sqrt{2}}{2}",
    "17",
    "17\\sqrt{2}",
    "34"
  ],
  "precise_value": [
    12.020815280171309,
    17.0,
    24.041630560342618,
    34.0
  ],
  "rough_value": [
    12.02,
    17,
    24.04,
    34
  ],
  "compact_text": "Find x.",
  "annotat_text": "Find x",
  "unit": "",
  "img_width": 216,
  "img_height": 215,
  "data_type": "train",
  "date": "Fri Sep 18 22:23:14 2020",
  "system": "linux"
}