{
  "text_logic_form": [
    "Find(x)"
  ],
  "dissolved_text_logic_form": [
    "Find(x)"
  ],
  "diagram_logic_form": [
    "Equals(LengthOf(Line(B, C)), x)",
    "Equals(MeasureOf(Angle(A, B, D)), y)",
    "Equals(LengthOf(Line(A, B)), 17)",
    "Perpendicular(Line(B, D), Line(A, D))",
    "Equals(LengthOf(Line(B, D)), LengthOf(Line(A, C)))",
    "Equals(LengthOf(Line(A, C)), LengthOf(Line(A, D)))",
    "Equals(LengthOf(Line(A, C)), LengthOf(Line(B, C)))"
  ],
  "line_instances": [
    "AB",
    "AC",
    "AD",
    "BC",
    "BD"
  ],
  "point_positions": {
    "A": [
      154.0,
      166.0
    ],
    "B": [
      1.0,
      12.0
    ],
    "C": [
      155.0,
      13.0
    ],
    "D": [
      2.0,
      167.0
    ]
  },
  "circle_instances": [
    ""
  ]
}