{
  "problem_text": "Find m \\angle 4.",
  "choices": [
    "26",
    "32",
    "64",
    "78"
  ],
  "answer": "C",
  "detailed_solution": " ",
  "problem_type_graph": [
    "Rectangle",
    "Triangle"
  ],
  "problem_type_goal": [
    "Angle"
  ],
  "source": "textbook1_chapter_5.pdf",
  "comment": "",
  "id": 1134,
  "annot_id": "Shibiao_2020-03-22_07_47_10",
  "is_standard": false,
  "compact_choices": [
    "26",
    "32",
    "64",
    "78"
  ],
  "precise_value": [
    26.0,
    32.0,
    64.0,
    78.0
  ],
  "rough_value": [
    26,
    32,
    64,
    78
  ],
  "compact_text": "Find m \\angle 4.",
  "annotat_text": "Find $m \\angle 4$.",
  "unit": "",
  "img_width": 622,
  "img_height": 513,
  "data_type": "train",
  "date": "Fri Sep 18 22:23:14 2020",
  "system": "linux"
}