{
  "problem_text": "Find x.",
  "choices": [
    "3",
    "4",
    "5",
    "6"
  ],
  "answer": "D",
  "detailed_solution": " ",
  "problem_type_graph": [
    "Circle"
  ],
  "problem_type_goal": [
    "Length"
  ],
  "source": "textbook1_chapter_10.pdf",
  "comment": "",
  "id": 1218,
  "annot_id": "pan_2020-03-27_21_34_00",
  "is_standard": false,
  "compact_choices": [
    "3",
    "4",
    "5",
    "6"
  ],
  "precise_value": [
    3.0,
    4.0,
    5.0,
    6.0
  ],
  "rough_value": [
    3,
    4,
    5,
    6
  ],
  "compact_text": "Find x.",
  "annotat_text": "Find x.",
  "unit": "",
  "img_width": 266,
  "img_height": 260,
  "data_type": "train",
  "date": "Fri Sep 18 22:23:14 2020",
  "system": "linux"
}