{
  "problem_text": "Find the area of \\parallelogram A B C D.",
  "choices": [
    "30",
    "40",
    "50",
    "60"
  ],
  "answer": "C",
  "detailed_solution": " ",
  "problem_type_graph": [
    "Parallelogram"
  ],
  "problem_type_goal": [
    "Area"
  ],
  "source": "textbook1_chapter_11.pdf",
  "comment": "",
  "id": 1048,
  "annot_id": "pan_2020-03-22_20_39_07",
  "is_standard": false,
  "unit": "in^2",
  "compact_choices": [
    "30",
    "40",
    "50",
    "60"
  ],
  "precise_value": [
    30.0,
    40.0,
    50.0,
    60.0
  ],
  "rough_value": [
    30,
    40,
    50,
    60
  ],
  "compact_text": "Find the area of \\parallelogram ABCD.",
  "annotat_text": "Find the area of $\u25b1 ABCD$.",
  "img_width": 358,
  "img_height": 366,
  "data_type": "train",
  "date": "Fri Sep 18 22:23:14 2020",
  "system": "linux"
}