{
  "problem_text": "Find R S.",
  "choices": [
    "4",
    "6",
    "8",
    "10"
  ],
  "answer": "C",
  "detailed_solution": " ",
  "problem_type_graph": [
    "Triangle"
  ],
  "problem_type_goal": [
    "Length"
  ],
  "source": "textbook1_chapter_7.pdf",
  "comment": "",
  "id": 1028,
  "annot_id": "Shibiao_2020-03-22_09_53_09",
  "is_standard": false,
  "compact_choices": [
    "4",
    "6",
    "8",
    "10"
  ],
  "precise_value": [
    4.0,
    6.0,
    8.0,
    10.0
  ],
  "rough_value": [
    4,
    6,
    8,
    10
  ],
  "compact_text": "Find RS.",
  "annotat_text": "Find $RS$.",
  "unit": "",
  "img_width": 605,
  "img_height": 383,
  "data_type": "train",
  "date": "Fri Sep 18 22:23:14 2020",
  "system": "linux"
}