{
  "problem_text": "The two polygons are similar. Find x.",
  "choices": [
    "13.5",
    "18",
    "45",
    "200"
  ],
  "answer": "A",
  "detailed_solution": " ",
  "problem_type_graph": [
    "Other"
  ],
  "problem_type_goal": [
    "Length"
  ],
  "source": "textbook2_chapter6.pdf page 12",
  "comment": "",
  "id": 1021,
  "annot_id": "Ran_2020-03-20_04_35_30",
  "is_standard": false,
  "compact_choices": [
    "13.5",
    "18",
    "45",
    "200"
  ],
  "precise_value": [
    13.5,
    18.0,
    45.0,
    200.0
  ],
  "rough_value": [
    13.5,
    18,
    45,
    200
  ],
  "compact_text": "The two polygons are similar. Find x.",
  "annotat_text": "The two polygons are similar. Find x.",
  "unit": "",
  "img_width": 837,
  "img_height": 533,
  "data_type": "train",
  "date": "Fri Sep 18 22:23:14 2020",
  "system": "linux"
}