{
  "problem_text": "Equilateral pentagon P Q R S T is inscribed in \\odot U. Find m \\angle P T S.",
  "choices": [
    "36",
    "72",
    "120",
    "144"
  ],
  "answer": "D",
  "detailed_solution": " ",
  "problem_type_graph": [
    "Circle"
  ],
  "problem_type_goal": [
    "Angle"
  ],
  "source": "textbook2_chapter10.pdf page 31",
  "comment": "",
  "id": 107,
  "annot_id": "Ran_2020-03-29_03_29_37",
  "is_standard": false,
  "compact_choices": [
    "36",
    "72",
    "120",
    "144"
  ],
  "precise_value": [
    36.0,
    72.0,
    120.0,
    144.0
  ],
  "rough_value": [
    36,
    72,
    120,
    144
  ],
  "compact_text": "Equilateral pentagon PQRST is inscribed in \\odot U. Find m \\angle PTS.",
  "annotat_text": "Equilateral pentagon $P Q R S T$ is inscribed in $\\odot U$.\r\nFind $m \\angle P T S$",
  "unit": "",
  "img_width": 351,
  "img_height": 334,
  "data_type": "train",
  "date": "Fri Sep 18 22:23:14 2020",
  "system": "linux"
}