{
  "text_logic_form": [
    "Find(LengthOf(Line(X,Y)))"
  ],
  "dissolved_text_logic_form": [
    "Find(LengthOf(Line(X,Y)))"
  ],
  "diagram_logic_form": [
    "Equals(LengthOf(Line(Y, X)), 4x+5)",
    "Equals(LengthOf(Line(W, Y)), 6x+3)",
    "Equals(LengthOf(Line(W, X)), 9x)",
    "Equals(LengthOf(Line(X, x)), LengthOf(Line(W, Y)))",
    "Equals(LengthOf(Line(W, Y)), LengthOf(Line(Y, X)))"
  ],
  "line_instances": [
    "WX",
    "WY",
    "YX"
  ],
  "point_positions": {
    "W": [
      0.0,
      155.0
    ],
    "X": [
      92.0,
      1.0
    ],
    "Y": [
      180.0,
      156.0
    ]
  },
  "circle_instances": [
    ""
  ]
}