{
  "problem_text": "Find x. Assume that segments that appear to be tangent are tangent.",
  "choices": [
    "2",
    "2.37",
    "4",
    "4.37"
  ],
  "answer": "B",
  "detailed_solution": " ",
  "problem_type_graph": [
    "Circle"
  ],
  "problem_type_goal": [
    "Length"
  ],
  "source": "textbook2_chapter10.pdf page 52",
  "comment": "",
  "id": 1184,
  "annot_id": "Ran_2020-03-29_05_00_11",
  "is_standard": false,
  "compact_choices": [
    "2",
    "2.37",
    "4",
    "4.37"
  ],
  "precise_value": [
    2.0,
    2.37,
    4.0,
    4.37
  ],
  "rough_value": [
    2,
    2.37,
    4,
    4.37
  ],
  "compact_text": "Find x. Assume that segments that appear to be tangent are tangent.",
  "annotat_text": "Find x. Assume that segments that appear to be tangent are tangent.",
  "unit": "",
  "img_width": 374,
  "img_height": 249,
  "data_type": "train",
  "date": "Fri Sep 18 22:23:14 2020",
  "system": "linux"
}