{
  "problem_text": "Solve for x.",
  "choices": [
    "3",
    "4",
    "5",
    "6"
  ],
  "answer": "D",
  "detailed_solution": " ",
  "problem_type_graph": [
    "Triangle"
  ],
  "problem_type_goal": [
    "Angle"
  ],
  "source": "textbook1_chapter_5.pdf",
  "comment": "",
  "id": 1089,
  "annot_id": "Shibiao_2020-03-22_08_33_22",
  "is_standard": true,
  "compact_choices": [
    "3",
    "4",
    "5",
    "6"
  ],
  "precise_value": [
    3.0,
    4.0,
    5.0,
    6.0
  ],
  "rough_value": [
    3,
    4,
    5,
    6
  ],
  "compact_text": "Solve for x.",
  "annotat_text": "Solve for $x$.",
  "unit": "",
  "img_width": 622,
  "img_height": 501,
  "data_type": "train",
  "date": "Fri Sep 18 22:23:14 2020",
  "system": "linux"
}