{
  "problem_text": "In the figure, m \\angle 12 = 64. Find the measure of \\angle 8.",
  "choices": [
    "86",
    "96",
    "106",
    "116"
  ],
  "answer": "D",
  "detailed_solution": " ",
  "problem_type_graph": [
    "Line"
  ],
  "problem_type_goal": [
    "Angle"
  ],
  "source": "Textbook 2_Chapter 3 - Parallel and Perpendicular Lines.pdf",
  "comment": "",
  "id": 1007,
  "annot_id": "pan_2020-03-17_06_15_51",
  "is_standard": false,
  "compact_choices": [
    "86",
    "96",
    "106",
    "116"
  ],
  "precise_value": [
    86.0,
    96.0,
    106.0,
    116.0
  ],
  "rough_value": [
    86,
    96,
    106,
    116
  ],
  "compact_text": "In the figure, m \\angle 12 = 64. Find the measure of \\angle 8.",
  "annotat_text": "In the figure, $m \u2220 12 = 64$. Find the measure of $ \\angle 8$.",
  "unit": "",
  "img_width": 585,
  "img_height": 297,
  "data_type": "train",
  "date": "Fri Sep 18 22:23:14 2020",
  "system": "linux"
}