{
  "problem_text": "Find x.",
  "choices": [
    "4.2",
    "4.65",
    "5.6",
    "8.4"
  ],
  "answer": "D",
  "detailed_solution": " ",
  "problem_type_graph": [
    "Triangle"
  ],
  "problem_type_goal": [
    "Length"
  ],
  "source": "textbook2_chapter6.pdf page 18",
  "comment": "",
  "id": 1118,
  "annot_id": "Ran_2020-03-20_05_56_35",
  "is_standard": true,
  "compact_choices": [
    "4.2",
    "4.65",
    "5.6",
    "8.4"
  ],
  "precise_value": [
    4.2,
    4.65,
    5.6,
    8.4
  ],
  "rough_value": [
    4.2,
    4.65,
    5.6,
    8.4
  ],
  "compact_text": "Find x.",
  "annotat_text": "Find x.",
  "unit": "",
  "img_width": 564,
  "img_height": 271,
  "data_type": "train",
  "date": "Fri Sep 18 22:23:14 2020",
  "system": "linux"
}