{
  "problem_text": "Find D X if E X = 24 and D E = 7.",
  "choices": [
    "1",
    "7",
    "24",
    "25"
  ],
  "answer": "D",
  "detailed_solution": " ",
  "problem_type_graph": [
    "Circle",
    "Triangle"
  ],
  "problem_type_goal": [
    "Length"
  ],
  "source": "textbook2_chapter10.pdf page 61",
  "comment": "",
  "id": 1132,
  "annot_id": "Ran_2020-03-29_05_26_36",
  "is_standard": false,
  "compact_choices": [
    "1",
    "7",
    "24",
    "25"
  ],
  "precise_value": [
    1.0,
    7.0,
    24.0,
    25.0
  ],
  "rough_value": [
    1,
    7,
    24,
    25
  ],
  "compact_text": "Find DX if EX = 24 and DE = 7.",
  "annotat_text": "Find DX if $E X=24$ and $D E=7$",
  "unit": "",
  "img_width": 564,
  "img_height": 221,
  "data_type": "train",
  "date": "Fri Sep 18 22:23:14 2020",
  "system": "linux"
}