{
  "problem_text": "Find x to the nearest tenth. Assume that segments that appear to be tangent are tangent.",
  "choices": [
    "7.4",
    "7.9",
    "8.4",
    "8.9"
  ],
  "answer": "A",
  "detailed_solution": " ",
  "problem_type_graph": [
    "Circle"
  ],
  "problem_type_goal": [
    "Length"
  ],
  "source": "textbook1_chapter_10.pdf",
  "comment": "",
  "id": 1092,
  "annot_id": "pan_2020-03-27_21_15_30",
  "is_standard": false,
  "compact_choices": [
    "7.4",
    "7.9",
    "8.4",
    "8.9"
  ],
  "precise_value": [
    7.4,
    7.9,
    8.4,
    8.9
  ],
  "rough_value": [
    7.4,
    7.9,
    8.4,
    8.9
  ],
  "compact_text": "Find x to the nearest tenth. Assume that segments that appear to be tangent are tangent.",
  "annotat_text": "Find x to the nearest tenth. Assume that segments that appear to be tangent are tangent.",
  "unit": "",
  "img_width": 295,
  "img_height": 325,
  "data_type": "train",
  "date": "Fri Sep 18 22:23:14 2020",
  "system": "linux"
}