{
  "text_logic_form": [
    "Tangent(Line($),Circle($))",
    "Find(x)"
  ],
  "dissolved_text_logic_form": [
    "Tangent(Line(C,D),Circle(E))",
    "Find(x)"
  ],
  "diagram_logic_form": [
    "Equals(LengthOf(Line(C, B)), x)",
    "Equals(LengthOf(Line(C, D)), 12)",
    "Equals(LengthOf(Line(A, B)), 12)",
    "PointLiesOnLine(B, Line(C, A))",
    "PointLiesOnLine(E, Line(C, A))",
    "PointLiesOnLine(B, Line(C, E))",
    "PointLiesOnLine(E, Line(A, B))",
    "PointLiesOnCircle(A, Circle(E, radius_4_0))",
    "PointLiesOnCircle(D, Circle(E, radius_4_0))",
    "PointLiesOnCircle(B, Circle(E, radius_4_0))"
  ],
  "line_instances": [
    "AB",
    "AE",
    "BE",
    "CA",
    "CB",
    "CD",
    "CE"
  ],
  "point_positions": {
    "A": [
      34.0,
      227.0
    ],
    "B": [
      166.0,
      84.0
    ],
    "C": [
      243.0,
      0.0
    ],
    "D": [
      178.0,
      208.0
    ],
    "E": [
      101.0,
      155.0
    ]
  },
  "circle_instances": [
    "E"
  ]
}