{
  "problem_text": "Find m \\angle T Q R.",
  "choices": [
    "8",
    "34",
    "43",
    "44"
  ],
  "answer": "C",
  "detailed_solution": " ",
  "problem_type_graph": [
    "Triangle"
  ],
  "problem_type_goal": [
    "Angle"
  ],
  "source": "textbook1_chapter_5.pdf",
  "comment": "",
  "id": 1136,
  "annot_id": "Shibiao_2020-03-22_08_24_50",
  "is_standard": false,
  "compact_choices": [
    "8",
    "34",
    "43",
    "44"
  ],
  "precise_value": [
    8.0,
    34.0,
    43.0,
    44.0
  ],
  "rough_value": [
    8,
    34,
    43,
    44
  ],
  "compact_text": "Find m \\angle TQR.",
  "annotat_text": "Find $m \\angle TQR$.",
  "unit": "",
  "img_width": 513,
  "img_height": 412,
  "data_type": "train",
  "date": "Fri Sep 18 22:23:14 2020",
  "system": "linux"
}