{
  "problem_text": "m \\angle 19 = 100 + 20 x, m \\angle 20 = 20 x. Find the measure of \\angle 20.",
  "choices": [
    "20",
    "40",
    "60",
    "80"
  ],
  "answer": "B",
  "detailed_solution": " ",
  "problem_type_graph": [
    "Line"
  ],
  "problem_type_goal": [
    "Angle"
  ],
  "source": "textbook1_chapter_3.pdf",
  "comment": "",
  "id": 1150,
  "annot_id": "pan_2020-03-13_21_27_19",
  "is_standard": false,
  "compact_choices": [
    "20",
    "40",
    "60",
    "80"
  ],
  "precise_value": [
    20.0,
    40.0,
    60.0,
    80.0
  ],
  "rough_value": [
    20,
    40,
    60,
    80
  ],
  "compact_text": "m \\angle 19 = 100+20x, m \\angle 20 = 20x. Find the measure of \\angle 20.",
  "annotat_text": "$m\u222019 = 100 + 20x$, $m\u222020 = 20x $. Find the measure of $\\angle 20$.",
  "unit": "",
  "img_width": 280,
  "img_height": 215,
  "data_type": "train",
  "date": "Fri Sep 18 22:23:14 2020",
  "system": "linux"
}