{
  "problem_text": "Find D B.",
  "choices": [
    "3",
    "5",
    "12",
    "15"
  ],
  "answer": "B",
  "detailed_solution": " ",
  "problem_type_graph": [
    "Triangle"
  ],
  "problem_type_goal": [
    "Length"
  ],
  "source": "textbook1_chapter_7.pdf",
  "comment": "",
  "id": 1010,
  "annot_id": "Shibiao_2020-03-22_10_06_55",
  "is_standard": false,
  "compact_choices": [
    "3",
    "5",
    "12",
    "15"
  ],
  "precise_value": [
    3.0,
    5.0,
    12.0,
    15.0
  ],
  "rough_value": [
    3,
    5,
    12,
    15
  ],
  "compact_text": "Find DB.",
  "annotat_text": "Find $DB$.",
  "unit": "",
  "img_width": 638,
  "img_height": 469,
  "data_type": "train",
  "date": "Fri Sep 18 22:23:14 2020",
  "system": "linux"
}