{
  "problem_text": "Find A B.",
  "choices": [
    "12",
    "16",
    "24",
    "44"
  ],
  "answer": "A",
  "detailed_solution": " ",
  "problem_type_graph": [
    "Triangle"
  ],
  "problem_type_goal": [
    "Length"
  ],
  "source": "textbook1_chapter_4.pdf",
  "comment": "",
  "id": 1075,
  "annot_id": "Shibiao_2020-03-21_16_09_20",
  "is_standard": false,
  "compact_choices": [
    "12",
    "16",
    "24",
    "44"
  ],
  "precise_value": [
    12.0,
    16.0,
    24.0,
    44.0
  ],
  "rough_value": [
    12,
    16,
    24,
    44
  ],
  "compact_text": "Find AB.",
  "annotat_text": "Find $AB$.",
  "unit": "",
  "img_width": 686,
  "img_height": 416,
  "data_type": "train",
  "date": "Fri Sep 18 22:23:14 2020",
  "system": "linux"
}