{
  "problem_text": "Find y.",
  "choices": [
    "8 \\sqrt { 3 }",
    "12 \\sqrt { 3 }",
    "24",
    "16 \\sqrt { 3 }"
  ],
  "answer": "A",
  "detailed_solution": " ",
  "problem_type_graph": [
    "Triangle"
  ],
  "problem_type_goal": [
    "Length"
  ],
  "source": "textbook1_chapter_8.pdf",
  "comment": "",
  "id": 111,
  "annot_id": "pan_2020-03-24_00_29_09",
  "is_standard": false,
  "compact_choices": [
    "8\\sqrt{3}",
    "12\\sqrt{3}",
    "24",
    "16\\sqrt{3}"
  ],
  "precise_value": [
    13.856406460551018,
    20.784609690826528,
    24.0,
    27.712812921102035
  ],
  "rough_value": [
    13.86,
    20.78,
    24,
    27.71
  ],
  "compact_text": "Find y.",
  "annotat_text": "Find y.",
  "unit": "",
  "img_width": 367,
  "img_height": 208,
  "data_type": "train",
  "date": "Fri Sep 18 22:23:14 2020",
  "system": "linux"
}