{
  "problem_text": "Find y in the parallelogram.",
  "choices": [
    "6",
    "12",
    "19",
    "115"
  ],
  "answer": "A",
  "detailed_solution": " ",
  "problem_type_graph": [
    "Parallelogram"
  ],
  "problem_type_goal": [
    "Length"
  ],
  "source": "textbook1_chapter6.pdf page 61",
  "comment": "",
  "id": 1035,
  "annot_id": "Ran_2020-03-19_06_36_50",
  "is_standard": false,
  "compact_choices": [
    "6",
    "12",
    "19",
    "115"
  ],
  "precise_value": [
    6.0,
    12.0,
    19.0,
    115.0
  ],
  "rough_value": [
    6,
    12,
    19,
    115
  ],
  "compact_text": "Find y in the parallelogram.",
  "annotat_text": "Find y in the parallelogram",
  "unit": "",
  "img_width": 574,
  "img_height": 379,
  "data_type": "train",
  "date": "Fri Sep 18 22:23:14 2020",
  "system": "linux"
}