{
  "problem_text": "Find the measure of the altitude drawn to the hypotenuse.",
  "choices": [
    "8",
    "8 \\sqrt { 2 }",
    "16",
    "16 \\sqrt { 2 }"
  ],
  "answer": "B",
  "detailed_solution": " ",
  "problem_type_graph": [
    "Triangle"
  ],
  "problem_type_goal": [
    "Length"
  ],
  "source": "textbook2_chapter7.pdf page 7",
  "comment": "",
  "id": 1122,
  "annot_id": "Ran_2020-03-22_02_19_01",
  "is_standard": false,
  "compact_choices": [
    "8",
    "8\\sqrt{2}",
    "16",
    "16\\sqrt{2}"
  ],
  "precise_value": [
    8.0,
    11.313708498984761,
    16.0,
    22.627416997969522
  ],
  "rough_value": [
    8,
    11.31,
    16,
    22.63
  ],
  "compact_text": "Find the measure of the altitude drawn to the hypotenuse.",
  "annotat_text": "Find the measure of the altitude drawn to the hypotenuse.",
  "unit": "",
  "img_width": 285,
  "img_height": 167,
  "data_type": "train",
  "date": "Fri Sep 18 22:23:14 2020",
  "system": "linux"
}