{
  "text_logic_form": [
    "IsHypotenuseOf(Line($1,$3), Triangle($1,$2,$3))",
    "Find(LengthOf(AltitudeOf(Triangle($1,$2,$3))))"
  ],
  "dissolved_text_logic_form": [
    "IsHypotenuseOf(Line(L,M), Triangle(J,L,K))",
    "Find(LengthOf(AltitudeOf(Triangle(J,L,K))))"
  ],
  "diagram_logic_form": [
    "Equals(LengthOf(Line(J, M)), 8)",
    "Equals(LengthOf(Line(K, M)), 16)",
    "PointLiesOnLine(M, Line(J, K))",
    "Perpendicular(Line(K, M), Line(L, M))",
    "Perpendicular(Line(L, M), Line(L, K))"
  ],
  "line_instances": [
    "JK",
    "JL",
    "JM",
    "KM",
    "LK",
    "LM"
  ],
  "point_positions": {
    "J": [
      0.0,
      0.0
    ],
    "K": [
      211.0,
      1.0
    ],
    "L": [
      71.0,
      99.0
    ],
    "M": [
      72.0,
      0.0
    ]
  },
  "circle_instances": [
    ""
  ]
}