{
  "problem_text": "In \\odot R, S U = 20, Y W = 20, and m \\widehat Y X = 45. Find m \\widehat Y W.",
  "choices": [
    "20",
    "30",
    "45",
    "90"
  ],
  "answer": "D",
  "detailed_solution": " ",
  "problem_type_graph": [
    "Circle"
  ],
  "problem_type_goal": [
    "Angle"
  ],
  "source": "textbook2_chapter10.pdf page 64",
  "comment": "",
  "id": 1206,
  "annot_id": "Ran_2020-03-29_05_42_54",
  "is_standard": false,
  "compact_choices": [
    "20",
    "30",
    "45",
    "90"
  ],
  "precise_value": [
    20.0,
    30.0,
    45.0,
    90.0
  ],
  "rough_value": [
    20,
    30,
    45,
    90
  ],
  "compact_text": "In \\odot R, SU = 20, YW = 20, and m \\widehat YX = 45. Find m \\widehat YW.",
  "annotat_text": "In $\\odot R, S U=20, Y W=20,$ and $m \\widehat{Y X}=45$.\r\nFind $m\\widehat{Y W}$",
  "unit": "",
  "img_width": 278,
  "img_height": 273,
  "data_type": "train",
  "date": "Fri Sep 18 22:23:14 2020",
  "system": "linux"
}