{
  "problem_text": "In \\triangle A C E, P is the centroid. P F = 6 and A D = 15. Find P C.",
  "choices": [
    "6",
    "10",
    "12",
    "15"
  ],
  "answer": "C",
  "detailed_solution": " ",
  "problem_type_graph": [
    "Triangle"
  ],
  "problem_type_goal": [
    "Length"
  ],
  "source": "textbook1_chapter_5.pdf",
  "comment": "",
  "id": 106,
  "annot_id": "Shibiao_2020-03-22_07_04_14",
  "is_standard": false,
  "compact_choices": [
    "6",
    "10",
    "12",
    "15"
  ],
  "precise_value": [
    6.0,
    10.0,
    12.0,
    15.0
  ],
  "rough_value": [
    6,
    10,
    12,
    15
  ],
  "compact_text": "In \\triangle ACE, P is the centroid. PF = 6 and AD = 15. Find PC.",
  "annotat_text": "In $\\triangle ACE$, P is the centroid. $PF=6$ and $AD=15$. Find $PC$.",
  "unit": "",
  "img_width": 516,
  "img_height": 530,
  "data_type": "train",
  "date": "Fri Sep 18 22:23:14 2020",
  "system": "linux"
}