{
  "problem_text": "Find y so that the quadrilateral is a parallelogram.",
  "choices": [
    "7",
    "14",
    "15",
    "21"
  ],
  "answer": "A",
  "detailed_solution": " ",
  "problem_type_graph": [
    "Parallelogram"
  ],
  "problem_type_goal": [
    "Angle"
  ],
  "source": "textbook1_chapter6.pdf page 40",
  "comment": "",
  "id": 1042,
  "annot_id": "Ran_2020-03-19_04_06_03",
  "is_standard": false,
  "compact_choices": [
    "7",
    "14",
    "15",
    "21"
  ],
  "precise_value": [
    7.0,
    14.0,
    15.0,
    21.0
  ],
  "rough_value": [
    7,
    14,
    15,
    21
  ],
  "compact_text": "Find y so that the quadrilateral is a parallelogram.",
  "annotat_text": "Find $y$ so that the quadrilateral is a parallelogram.",
  "unit": "",
  "img_width": 332,
  "img_height": 194,
  "data_type": "train",
  "date": "Fri Sep 18 22:23:14 2020",
  "system": "linux"
}