{
  "problem_text": "Circle W has a radius of 4 units, \\odot Z has a radius of 7 units, and X Y = 2. Find Y Z.",
  "choices": [
    "5",
    "10",
    "15",
    "20"
  ],
  "answer": "A",
  "detailed_solution": " ",
  "problem_type_graph": [
    "Circle"
  ],
  "problem_type_goal": [
    "Length"
  ],
  "source": "textbook2_chapter10.pdf page 6",
  "comment": "",
  "id": 1009,
  "annot_id": "Ran_2020-03-28_01_14_10",
  "is_standard": false,
  "compact_choices": [
    "5",
    "10",
    "15",
    "20"
  ],
  "precise_value": [
    5.0,
    10.0,
    15.0,
    20.0
  ],
  "rough_value": [
    5,
    10,
    15,
    20
  ],
  "compact_text": "Circle W has a radius of 4 units, \\odot Z has a radius of 7 units, and XY = 2. Find YZ.",
  "annotat_text": "Circle $W$ has a radius of 4 units, $\\odot Z$ has a radius of 7 units, and $X Y=2 .$ Find $Y Z$",
  "unit": "",
  "img_width": 451,
  "img_height": 278,
  "data_type": "train",
  "date": "Fri Sep 18 22:23:14 2020",
  "system": "linux"
}