{
  "text_logic_form": [
    "Equals(RadiusOf(Circle(W)),4)",
    "Equals(RadiusOf(Circle(Z)),7)",
    "Equals(LengthOf(Line(X,Y)),2)",
    "Find(LengthOf(Line(Y,Z)))"
  ],
  "dissolved_text_logic_form": [
    "Equals(RadiusOf(Circle(W)),4)",
    "Equals(RadiusOf(Circle(Z)),7)",
    "Equals(LengthOf(Line(X,Y)),2)",
    "Find(LengthOf(Line(Y,Z)))"
  ],
  "diagram_logic_form": [
    "PointLiesOnLine(Y, Line(I, C))",
    "PointLiesOnLine(W, Line(I, C))",
    "PointLiesOnLine(X, Line(I, C))",
    "PointLiesOnLine(W, Line(I, Y))",
    "PointLiesOnLine(X, Line(I, Y))",
    "PointLiesOnLine(Y, Line(I, Z))",
    "PointLiesOnLine(W, Line(I, Z))",
    "PointLiesOnLine(X, Line(I, Z))",
    "PointLiesOnLine(W, Line(I, X))",
    "PointLiesOnLine(Y, Line(C, W))",
    "PointLiesOnLine(X, Line(C, W))",
    "PointLiesOnLine(Y, Line(C, X))",
    "PointLiesOnLine(X, Line(Y, W))",
    "PointLiesOnLine(Y, Line(W, Z))",
    "PointLiesOnLine(X, Line(W, Z))",
    "PointLiesOnLine(Y, Line(Z, X))",
    "PointLiesOnCircle(I, Circle(W, radius_3_0))",
    "PointLiesOnCircle(Y, Circle(W, radius_3_0))",
    "PointLiesOnCircle(C, Circle(Z, radius_4_0))",
    "PointLiesOnCircle(X, Circle(Z, radius_4_0))"
  ],
  "line_instances": [
    "CW",
    "CX",
    "CY",
    "CZ",
    "IC",
    "IW",
    "IX",
    "IY",
    "IZ",
    "WX",
    "WZ",
    "YW",
    "YX",
    "YZ",
    "ZX"
  ],
  "point_positions": {
    "C": [
      330.0,
      114.0
    ],
    "I": [
      6.0,
      115.0
    ],
    "W": [
      71.0,
      116.0
    ],
    "X": [
      104.0,
      115.0
    ],
    "Y": [
      135.0,
      115.0
    ],
    "Z": [
      218.0,
      119.0
    ]
  },
  "circle_instances": [
    "W",
    "Z"
  ]
}