{
  "text_logic_form": [
    "Find(x)"
  ],
  "dissolved_text_logic_form": [
    "Find(x)"
  ],
  "diagram_logic_form": [
    "Equals(MeasureOf(Angle(C, B, D)), 155)",
    "Equals(MeasureOf(Angle(A, B, D)), 125)",
    "Equals(MeasureOf(Angle(C, B, A)), x)",
    "",
    "PointLiesOnCircle(A, Circle(B, radius_1_0))",
    "PointLiesOnCircle(C, Circle(B, radius_1_0))",
    "PointLiesOnCircle(D, Circle(B, radius_1_0))"
  ],
  "line_instances": [
    "AB",
    "BC",
    "BD",
    ""
  ],
  "point_positions": {
    "A": [
      92.0,
      291.0
    ],
    "B": [
      151.0,
      152.0
    ],
    "C": [
      279.0,
      238.0
    ],
    "D": [
      74.0,
      23.0
    ]
  },
  "circle_instances": [
    "B"
  ]
}