{
  "problem_text": "Find x.",
  "choices": [
    "59",
    "117",
    "125",
    "342"
  ],
  "answer": "A",
  "detailed_solution": " ",
  "problem_type_graph": [
    "Circle",
    "Triangle"
  ],
  "problem_type_goal": [
    "Angle"
  ],
  "source": "textbook2_chapter10.pdf page 61",
  "comment": "",
  "id": 1195,
  "annot_id": "Ran_2020-03-29_05_27_53",
  "is_standard": false,
  "compact_choices": [
    "59",
    "117",
    "125",
    "342"
  ],
  "precise_value": [
    59.0,
    117.0,
    125.0,
    342.0
  ],
  "rough_value": [
    59,
    117,
    125,
    342
  ],
  "compact_text": "Find x.",
  "annotat_text": "Find x",
  "unit": "",
  "img_width": 282,
  "img_height": 181,
  "data_type": "train",
  "date": "Fri Sep 18 22:23:14 2020",
  "system": "linux"
}