{
  "problem_text": "Find the perimeter of the parallelogram.",
  "choices": [
    "72",
    "74",
    "76",
    "78"
  ],
  "answer": "C",
  "detailed_solution": " ",
  "problem_type_graph": [
    "Parallelogram"
  ],
  "problem_type_goal": [
    "Length"
  ],
  "source": "textbook1_chapter_11.pdf",
  "comment": "",
  "id": 1179,
  "annot_id": "pan_2020-03-22_20_42_12",
  "is_standard": false,
  "unit": "cm",
  "compact_choices": [
    "72",
    "74",
    "76",
    "78"
  ],
  "precise_value": [
    72.0,
    74.0,
    76.0,
    78.0
  ],
  "rough_value": [
    72,
    74,
    76,
    78
  ],
  "compact_text": "Find the perimeter of the parallelogram.",
  "annotat_text": "Find the perimeter of the parallelogram.",
  "img_width": 379,
  "img_height": 274,
  "data_type": "train",
  "date": "Fri Sep 18 22:23:14 2020",
  "system": "linux"
}