{
  "problem_text": "Find the area of the figure. Round to the nearest hundredth, if necessary.",
  "choices": [
    "4",
    "8",
    "16",
    "32"
  ],
  "answer": "A",
  "detailed_solution": " ",
  "problem_type_graph": [
    "Square"
  ],
  "problem_type_goal": [
    "Area"
  ],
  "source": "textbook1_chapter_11.pdf",
  "comment": "",
  "id": 1026,
  "annot_id": "pan_2020-03-22_23_42_08",
  "is_standard": false,
  "unit": "m^2",
  "compact_choices": [
    "4",
    "8",
    "16",
    "32"
  ],
  "precise_value": [
    4.0,
    8.0,
    16.0,
    32.0
  ],
  "rough_value": [
    4,
    8,
    16,
    32
  ],
  "compact_text": "Find the area of the figure. Round to the nearest hundredth, if necessary.",
  "annotat_text": "Find the area of the figure. Round to the nearest hundredth, if necessary.",
  "img_width": 244,
  "img_height": 240,
  "data_type": "train",
  "date": "Fri Sep 18 22:23:14 2020",
  "system": "linux"
}