{
  "problem_text": "Find y so that the quadrilateral is a parallelogram.",
  "choices": [
    "2",
    "3",
    "6",
    "12"
  ],
  "answer": "C",
  "detailed_solution": " ",
  "problem_type_graph": [
    "Parallelogram"
  ],
  "problem_type_goal": [
    "Length"
  ],
  "source": "textbook2_chapter8.pdf page 24",
  "comment": "",
  "id": 1033,
  "annot_id": "Ran_2020-03-27_04_09_29",
  "is_standard": false,
  "compact_choices": [
    "2",
    "3",
    "6",
    "12"
  ],
  "precise_value": [
    2.0,
    3.0,
    6.0,
    12.0
  ],
  "rough_value": [
    2,
    3,
    6,
    12
  ],
  "compact_text": "Find y so that the quadrilateral is a parallelogram.",
  "annotat_text": "Find $y$ so that each quadrilateral is a parallelogram.",
  "unit": "",
  "img_width": 361,
  "img_height": 186,
  "data_type": "train",
  "date": "Fri Sep 18 22:23:14 2020",
  "system": "linux"
}