{
  "problem_text": "Find m \\angle 2.",
  "choices": [
    "50",
    "52",
    "56",
    "68"
  ],
  "answer": "B",
  "detailed_solution": " ",
  "problem_type_graph": [
    "Triangle"
  ],
  "problem_type_goal": [
    "Angle"
  ],
  "source": "textbook1_chapter_7.pdf",
  "comment": "",
  "id": 113,
  "annot_id": "Shibiao_2020-03-22_09_49_08",
  "is_standard": false,
  "compact_choices": [
    "50",
    "52",
    "56",
    "68"
  ],
  "precise_value": [
    50.0,
    52.0,
    56.0,
    68.0
  ],
  "rough_value": [
    50,
    52,
    56,
    68
  ],
  "compact_text": "Find m \\angle 2.",
  "annotat_text": "Find $m \\angle 2$.",
  "unit": "",
  "img_width": 795,
  "img_height": 436,
  "data_type": "train",
  "date": "Fri Sep 18 22:23:14 2020",
  "system": "linux"
}