{
  "problem_text": "Find x.",
  "choices": [
    "8",
    "8 \\sqrt { 2 }",
    "8 \\sqrt { 3 }",
    "16"
  ],
  "answer": "B",
  "detailed_solution": " ",
  "problem_type_graph": [
    "Triangle"
  ],
  "problem_type_goal": [
    "Length"
  ],
  "source": "textbook1_chapter_8.pdf",
  "comment": "",
  "id": 1145,
  "annot_id": "pan_2020-03-24_00_35_11",
  "is_standard": false,
  "compact_choices": [
    "8",
    "8\\sqrt{2}",
    "8\\sqrt{3}",
    "16"
  ],
  "precise_value": [
    8.0,
    11.313708498984761,
    13.856406460551018,
    16.0
  ],
  "rough_value": [
    8,
    11.31,
    13.86,
    16
  ],
  "compact_text": "Find x.",
  "annotat_text": "Find x.",
  "unit": "",
  "img_width": 297,
  "img_height": 194,
  "data_type": "train",
  "date": "Fri Sep 18 22:23:14 2020",
  "system": "linux"
}