{
  "text_logic_form": [
    "Find(x)"
  ],
  "dissolved_text_logic_form": [
    "Find(x)"
  ],
  "diagram_logic_form": [
    "Equals(LengthOf(Line(B, C)), 16)",
    "Equals(MeasureOf(Angle(C, B, A)), 45)",
    "Equals(LengthOf(Line(A, C)), x)",
    "Perpendicular(Line(A, B), Line(A, C))"
  ],
  "line_instances": [
    "AB",
    "AC",
    "BC"
  ],
  "circle_instances": [],
  "point_positions": {
    "A": [
      129.34600543089897,
      131.99757991520175
    ],
    "B": [
      1.9702045234433,
      1.992593858599669
    ],
    "C": [
      263.0,
      1.0
    ]
  }
}