{
  "text_logic_form": [
    "Find(x)"
  ],
  "dissolved_text_logic_form": [
    "Find(x)"
  ],
  "diagram_logic_form": [
    "Equals(LengthOf(Line(A, C)), y)",
    "Equals(LengthOf(Line(B, C)), 6)",
    "Equals(MeasureOf(Angle(B, A, C)), 30)",
    "Equals(LengthOf(Line(A, B)), x)",
    "Perpendicular(Line(A, C), Line(B, C))"
  ],
  "line_instances": [
    "AB",
    "AC",
    "BC"
  ],
  "point_positions": {
    "A": [
      251.0,
      105.0
    ],
    "B": [
      0.0,
      104.0
    ],
    "C": [
      65.0,
      1.0
    ]
  },
  "circle_instances": [
    ""
  ]
}