{
  "problem_text": "Find x to the nearest tenth. Assume that segments that appear to be tangent are tangent.",
  "choices": [
    "7",
    "13",
    "17.1",
    "21"
  ],
  "answer": "C",
  "detailed_solution": " ",
  "problem_type_graph": [
    "Circle"
  ],
  "problem_type_goal": [
    "Length"
  ],
  "source": "textbook2_chapter10.pdf page 66",
  "comment": "",
  "id": 1024,
  "annot_id": "Ran_2020-03-29_06_00_34",
  "is_standard": false,
  "compact_choices": [
    "7",
    "13",
    "17.1",
    "21"
  ],
  "precise_value": [
    7.0,
    13.0,
    17.1,
    21.0
  ],
  "rough_value": [
    7,
    13,
    17.1,
    21
  ],
  "compact_text": "Find x to the nearest tenth. Assume that segments that appear to be tangent are tangent.",
  "annotat_text": "Find x to the nearest tenth. Assume that segments that appear to be tangent are tangent.",
  "unit": "",
  "img_width": 247,
  "img_height": 155,
  "data_type": "train",
  "date": "Fri Sep 18 22:23:14 2020",
  "system": "linux"
}