{
  "text_logic_form": [
    "Tangent(Line($),Circle($))",
    "Find(x)"
  ],
  "dissolved_text_logic_form": [
    "Tangent(Line(D, E),Circle(A))",
    "Find(x)"
  ],
  "diagram_logic_form": [
    "Equals(LengthOf(Line(B, D)), 7)",
    "Equals(LengthOf(Line(B, C)), x)",
    "Equals(LengthOf(Line(D, E)), 13)",
    "PointLiesOnLine(B, Line(C, D))",
    "PointLiesOnCircle(B, Circle(A, radius_0_0))",
    "PointLiesOnCircle(C, Circle(A, radius_0_0))",
    "PointLiesOnCircle(E, Circle(A, radius_0_0))"
  ],
  "line_instances": [
    "BC",
    "BD",
    "BE",
    "CD",
    "DE"
  ],
  "point_positions": {
    "A": [
      121.0,
      68.0
    ],
    "B": [
      62.0,
      39.0
    ],
    "C": [
      188.0,
      65.0
    ],
    "D": [
      5.0,
      31.0
    ],
    "E": [
      51.0,
      83.0
    ]
  },
  "circle_instances": [
    "A"
  ]
}