{
  "text_logic_form": [
    "Parallel(Line(Q,R),Line(T,S))",
    "Parallel(Line(Q,T),Line(R,S))",
    "Equals(MeasureOf(Angle(1)),131)",
    "Find(MeasureOf(Angle(6)))"
  ],
  "dissolved_text_logic_form": [
    "Parallel(Line(Q,R),Line(T,S))",
    "Parallel(Line(Q,T),Line(R,S))",
    "Equals(MeasureOf(Angle(1)),131)",
    "Find(MeasureOf(Angle(6)))"
  ],
  "diagram_logic_form": [
    "Equals(MeasureOf(Angle(J, Q, R)), MeasureOf(angle 1))",
    "Equals(MeasureOf(Angle(R, Q, C)), MeasureOf(angle 2))",
    "Equals(MeasureOf(Angle(H, R, Q)), MeasureOf(angle 5))",
    "Equals(MeasureOf(Angle(Q, T, S)), MeasureOf(angle 3))",
    "Equals(MeasureOf(Angle(Q, R, S)), MeasureOf(angle 6))",
    "Equals(MeasureOf(Angle(C, T, S)), MeasureOf(angle 4))",
    "Equals(MeasureOf(Angle(T, S, R)), MeasureOf(angle 7))",
    "Equals(MeasureOf(Angle(Q, R, H)), MeasureOf(angle 5))",
    "Equals(MeasureOf(Angle(T, S, B)), MeasureOf(angle 8))",
    "PointLiesOnLine(K, Line(T, C))",
    "PointLiesOnLine(N, Line(T, C))",
    "PointLiesOnLine(P, Line(T, E))",
    "PointLiesOnLine(K, Line(T, F))",
    "PointLiesOnLine(E, Line(T, G))",
    "PointLiesOnLine(P, Line(T, G))",
    "PointLiesOnLine(Q, Line(T, J))",
    "PointLiesOnLine(K, Line(T, N))",
    "PointLiesOnLine(T, Line(C, J))",
    "PointLiesOnLine(K, Line(C, J))",
    "PointLiesOnLine(Q, Line(C, J))",
    "PointLiesOnLine(N, Line(C, J))",
    "PointLiesOnLine(N, Line(C, K))",
    "PointLiesOnLine(T, Line(C, Q))",
    "PointLiesOnLine(K, Line(C, Q))",
    "PointLiesOnLine(N, Line(C, Q))",
    "PointLiesOnLine(F, Line(C, P))",
    "PointLiesOnLine(K, Line(F, J))",
    "PointLiesOnLine(K, Line(F, Q))",
    "PointLiesOnLine(R, Line(G, A))",
    "PointLiesOnLine(M, Line(G, A))",
    "PointLiesOnLine(O, Line(G, A))",
    "PointLiesOnLine(A, Line(G, H))",
    "PointLiesOnLine(R, Line(G, H))",
    "PointLiesOnLine(L, Line(G, H))",
    "PointLiesOnLine(M, Line(G, H))",
    "PointLiesOnLine(O, Line(G, H))",
    "PointLiesOnLine(A, Line(G, L))",
    "PointLiesOnLine(R, Line(G, L))",
    "PointLiesOnLine(M, Line(G, L))",
    "PointLiesOnLine(O, Line(G, L))",
    "PointLiesOnLine(R, Line(G, M))",
    "PointLiesOnLine(R, Line(G, O))",
    "PointLiesOnLine(M, Line(G, O))",
    "PointLiesOnLine(E, Line(G, P))",
    "PointLiesOnLine(Q, Line(J, K))",
    "PointLiesOnLine(T, Line(J, N))",
    "PointLiesOnLine(K, Line(J, N))",
    "PointLiesOnLine(Q, Line(J, N))",
    "PointLiesOnLine(T, Line(K, Q))",
    "PointLiesOnLine(I, Line(Q, R))",
    "PointLiesOnLine(S, Line(Q, R))",
    "PointLiesOnLine(S, Line(Q, I))",
    "PointLiesOnLine(T, Line(Q, N))",
    "PointLiesOnLine(K, Line(Q, N))",
    "PointLiesOnLine(F, Line(N, P))",
    "PointLiesOnLine(R, Line(A, B))",
    "PointLiesOnLine(G, Line(A, B))",
    "PointLiesOnLine(M, Line(A, B))",
    "PointLiesOnLine(O, Line(A, B))",
    "PointLiesOnLine(M, Line(A, R))",
    "PointLiesOnLine(O, Line(A, R))",
    "PointLiesOnLine(L, Line(A, H))",
    "PointLiesOnLine(O, Line(A, M))",
    "PointLiesOnLine(G, Line(B, R))",
    "PointLiesOnLine(A, Line(B, H))",
    "PointLiesOnLine(R, Line(B, H))",
    "PointLiesOnLine(G, Line(B, H))",
    "PointLiesOnLine(L, Line(B, H))",
    "PointLiesOnLine(M, Line(B, H))",
    "PointLiesOnLine(O, Line(B, H))",
    "PointLiesOnLine(A, Line(B, L))",
    "PointLiesOnLine(R, Line(B, L))",
    "PointLiesOnLine(G, Line(B, L))",
    "PointLiesOnLine(M, Line(B, L))",
    "PointLiesOnLine(O, Line(B, L))",
    "PointLiesOnLine(R, Line(B, M))",
    "PointLiesOnLine(G, Line(B, M))",
    "PointLiesOnLine(R, Line(B, O))",
    "PointLiesOnLine(G, Line(B, O))",
    "PointLiesOnLine(M, Line(B, O))",
    "PointLiesOnLine(A, Line(R, H))",
    "PointLiesOnLine(L, Line(R, H))",
    "PointLiesOnLine(M, Line(R, H))",
    "PointLiesOnLine(O, Line(R, H))",
    "PointLiesOnLine(A, Line(R, L))",
    "PointLiesOnLine(M, Line(R, L))",
    "PointLiesOnLine(O, Line(R, L))",
    "PointLiesOnLine(M, Line(R, O))",
    "PointLiesOnLine(I, Line(R, S))",
    "PointLiesOnLine(A, Line(H, M))",
    "PointLiesOnLine(L, Line(H, M))",
    "PointLiesOnLine(O, Line(H, M))",
    "PointLiesOnLine(A, Line(H, O))",
    "PointLiesOnLine(L, Line(H, O))",
    "PointLiesOnLine(A, Line(L, M))",
    "PointLiesOnLine(O, Line(L, M))",
    "PointLiesOnLine(A, Line(L, O))",
    "Parallel(Line(Q,T), Line(R,S))",
    "Parallel(Line(Q,R), Line(T,S))"
  ],
  "line_instances": [
    "AB",
    "AH",
    "AL",
    "AM",
    "AO",
    "AR",
    "BH",
    "BL",
    "BM",
    "BO",
    "BR",
    "CF",
    "CJ",
    "CK",
    "CN",
    "CP",
    "CQ",
    "EG",
    "EP",
    "FJ",
    "FK",
    "FN",
    "FP",
    "FQ",
    "GA",
    "GB",
    "GH",
    "GL",
    "GM",
    "GO",
    "GP",
    "GR",
    "HL",
    "HM",
    "HO",
    "IS",
    "JK",
    "JN",
    "JP",
    "JQ",
    "KN",
    "KQ",
    "LM",
    "LO",
    "MO",
    "NP",
    "QI",
    "QN",
    "QP",
    "QR",
    "QS",
    "RH",
    "RI",
    "RL",
    "RM",
    "RO",
    "RS",
    "TC",
    "TE",
    "TF",
    "TG",
    "TJ",
    "TK",
    "TN",
    "TP",
    "TQ"
  ],
  "point_positions": {
    "A": [
      147.0,
      69.0
    ],
    "B": [
      148.0,
      263.0
    ],
    "C": [
      8.0,
      266.0
    ],
    "E": [
      76.0,
      173.0
    ],
    "F": [
      13.0,
      208.0
    ],
    "G": [
      146.0,
      215.0
    ],
    "H": [
      147.0,
      1.0
    ],
    "I": [
      78.0,
      97.0
    ],
    "J": [
      9.0,
      1.0
    ],
    "K": [
      10.0,
      186.0
    ],
    "L": [
      148.0,
      44.0
    ],
    "M": [
      146.0,
      114.0
    ],
    "N": [
      8.0,
      224.0
    ],
    "O": [
      145.0,
      88.0
    ],
    "P": [
      22.0,
      143.0
    ],
    "Q": [
      6.0,
      55.0
    ],
    "R": [
      146.0,
      134.0
    ],
    "S": [
      68.0,
      88.0
    ],
    "T": [
      6.0,
      135.0
    ]
  },
  "circle_instances": [
    ""
  ]
}