{
  "problem_text": "Find the area of the parallelogram. Round to the nearest tenth if necessary.",
  "choices": [
    "57.5",
    "81.3",
    "99.6",
    "115"
  ],
  "answer": "D",
  "detailed_solution": " ",
  "problem_type_graph": [
    "Triangle",
    "Parallelogram"
  ],
  "problem_type_goal": [
    "Area"
  ],
  "source": "textbook1_chapter_11.pdf",
  "comment": "",
  "id": 1141,
  "annot_id": "pan_2020-03-22_23_14_45",
  "is_standard": false,
  "unit": "m^2",
  "compact_choices": [
    "57.5",
    "81.3",
    "99.6",
    "115"
  ],
  "precise_value": [
    57.5,
    81.3,
    99.6,
    115.0
  ],
  "rough_value": [
    57.5,
    81.3,
    99.6,
    115
  ],
  "compact_text": "Find the area of the parallelogram. Round to the nearest tenth if necessary.",
  "annotat_text": "Find the area of the parallelogram. Round to the nearest tenth if necessary.",
  "img_width": 405,
  "img_height": 194,
  "data_type": "train",
  "date": "Fri Sep 18 22:23:14 2020",
  "system": "linux"
}