{
  "problem_text": "Each pair of polygons is similar. Find A B.",
  "choices": [
    "1.6",
    "\\frac { 16 } { 3 }",
    "6",
    "10"
  ],
  "answer": "B",
  "detailed_solution": " ",
  "problem_type_graph": [
    "Other"
  ],
  "problem_type_goal": [
    "Length"
  ],
  "source": "textbook2_chapter6.pdf page 15",
  "comment": "",
  "id": 1037,
  "annot_id": "Ran_2020-03-20_04_39_58",
  "is_standard": false,
  "compact_choices": [
    "1.6",
    "\\frac{16}{3}",
    "6",
    "10"
  ],
  "precise_value": [
    1.6,
    5.333333333333333,
    6.0,
    10.0
  ],
  "rough_value": [
    1.6,
    5.33,
    6,
    10
  ],
  "compact_text": "Each pair of polygons is similar. Find AB.",
  "annotat_text": "Each pair of polygons is similar. Find AB",
  "unit": "",
  "img_width": 558,
  "img_height": 232,
  "data_type": "train",
  "date": "Fri Sep 18 22:23:14 2020",
  "system": "linux"
}