{
  "text_logic_form": [
    "Similar(Polygon($1),Polygon($2))",
    "Find(LengthOf(Line(A,B)))"
  ],
  "dissolved_text_logic_form": [
    "Similar(Quadrilateral(A,B,C,D),Quadrilateral(H,E,F,G))",
    "Find(LengthOf(Line(A,B)))"
  ],
  "diagram_logic_form": [
    "Equals(LengthOf(Line(F, E)), 8)",
    "Equals(LengthOf(Line(A, B)), x+1)",
    "Equals(LengthOf(Line(C, D)), x-1)",
    "Equals(LengthOf(Line(H, G)), 5)",
    "Equals(MeasureOf(Angle(B, A, D)), MeasureOf(Angle(E, H, G)))",
    "Equals(MeasureOf(Angle(A, D, C)), MeasureOf(Angle(H, G, F)))",
    "Equals(MeasureOf(Angle(B, C, D)), MeasureOf(Angle(G, F, E)))",
    "Equals(MeasureOf(Angle(A, B, C)), MeasureOf(Angle(H, E, F)))",
    "",
    ""
  ],
  "line_instances": [
    "AB",
    "AD",
    "BC",
    "CD",
    "EF",
    "FG",
    "HE",
    "HG"
  ],
  "point_positions": {
    "E": [
      0.0,
      17.0
    ],
    "F": [
      145.0,
      1.0
    ],
    "G": [
      90.0,
      149.0
    ],
    "H": [
      2.0,
      168.0
    ]
  },
  "circle_instances": [
    ""
  ]
}