{
  "problem_text": "Find x. Round side measure to the nearest tenth.",
  "choices": [
    "16.4",
    "18.0",
    "32.0",
    "35.1"
  ],
  "answer": "D",
  "detailed_solution": " ",
  "problem_type_graph": [
    "Triangle"
  ],
  "problem_type_goal": [
    "Length"
  ],
  "source": "textbook1_chapter_8.pdf",
  "comment": "",
  "id": 1213,
  "annot_id": "pan_2020-03-25_20_56_01",
  "is_standard": false,
  "compact_choices": [
    "16.4",
    "18.0",
    "32.0",
    "35.1"
  ],
  "precise_value": [
    16.4,
    18.0,
    32.0,
    35.1
  ],
  "rough_value": [
    16.4,
    18,
    32,
    35.1
  ],
  "compact_text": "Find x. Round side measure to the nearest tenth.",
  "annotat_text": "Find x. Round side measures to the nearest tenth.",
  "unit": "",
  "img_width": 219,
  "img_height": 256,
  "data_type": "train",
  "date": "Fri Sep 18 22:23:14 2020",
  "system": "linux"
}