{
  "problem_text": "Find x.",
  "choices": [
    "4 \\sqrt { 29 }",
    "25",
    "33",
    "\\sqrt { 1714 }"
  ],
  "answer": "A",
  "detailed_solution": " ",
  "problem_type_graph": [
    "Triangle"
  ],
  "problem_type_goal": [
    "Length"
  ],
  "source": "textbook2_chapter7.pdf page 15",
  "comment": "",
  "id": 1169,
  "annot_id": "Ran_2020-03-22_04_09_38",
  "is_standard": false,
  "compact_choices": [
    "4\\sqrt{29}",
    "25",
    "33",
    "\\sqrt{1714}"
  ],
  "precise_value": [
    21.540659228538015,
    25.0,
    33.0,
    41.400483088968905
  ],
  "rough_value": [
    21.54,
    25,
    33,
    41.4
  ],
  "compact_text": "Find x.",
  "annotat_text": "Find x",
  "unit": "",
  "img_width": 214,
  "img_height": 213,
  "data_type": "train",
  "date": "Fri Sep 18 22:23:14 2020",
  "system": "linux"
}