{
  "problem_text": "Each triangle in the figure is a 45 - 45 - 90 triangle. Find x.",
  "choices": [
    "\\frac { 3 } { 2 }",
    "\\frac { 3 } { 2 } \\sqrt { 2 }",
    "3",
    "3 \\sqrt { 2 }"
  ],
  "answer": "A",
  "detailed_solution": " ",
  "problem_type_graph": [
    "Triangle"
  ],
  "problem_type_goal": [
    "Length"
  ],
  "source": "textbook1_chapter_8.pdf",
  "comment": "",
  "id": 1073,
  "annot_id": "pan_2020-03-24_03_26_13",
  "is_standard": false,
  "compact_choices": [
    "\\frac{3}{2}",
    "\\frac{3}{2}\\sqrt{2}",
    "3",
    "3\\sqrt{2}"
  ],
  "precise_value": [
    1.5,
    2.121320343559643,
    3.0,
    4.242640687119286
  ],
  "rough_value": [
    1.5,
    2.12,
    3,
    4.24
  ],
  "compact_text": "Each triangle in the figure is a 45-45-90 triangle. Find x.",
  "annotat_text": "Each triangle in the figure is a $45^{\\circ}-45^{\\circ}-90^{\\circ}$ triangle. Find $x$.",
  "unit": "",
  "img_width": 553,
  "img_height": 225,
  "data_type": "train",
  "date": "Fri Sep 18 22:23:14 2020",
  "system": "linux"
}