{
  "problem_text": "Q S is a diameter of \\odot V. Find m \\widehat S T P.",
  "choices": [
    "123",
    "144",
    "147",
    "150"
  ],
  "answer": "C",
  "detailed_solution": " ",
  "problem_type_graph": [
    "Circle"
  ],
  "problem_type_goal": [
    "Angle"
  ],
  "source": "textbook1_chapter_10.pdf",
  "comment": "",
  "id": 1022,
  "annot_id": "Shibiao_2020-03-27_12_04_00",
  "is_standard": false,
  "compact_choices": [
    "123",
    "144",
    "147",
    "150"
  ],
  "precise_value": [
    123.0,
    144.0,
    147.0,
    150.0
  ],
  "rough_value": [
    123,
    144,
    147,
    150
  ],
  "compact_text": "QS is a diameter of \\odot V. Find m \\widehat STP.",
  "annotat_text": "$\\overline{QS}$ is a diameter of $\\odot V$. Find $m \\widehat {STP}$.",
  "unit": "",
  "img_width": 521,
  "img_height": 472,
  "data_type": "train",
  "date": "Fri Sep 18 22:23:14 2020",
  "system": "linux"
}