{
  "problem_text": "Find m \\angle 4.",
  "choices": [
    "55",
    "63",
    "118",
    "125"
  ],
  "answer": "D",
  "detailed_solution": " ",
  "problem_type_graph": [
    "Line",
    "Triangle"
  ],
  "problem_type_goal": [
    "Angle"
  ],
  "source": "textbook1_chapter_4.pdf",
  "comment": "",
  "id": 1080,
  "annot_id": "Shibiao_2020-03-21_16_12_34",
  "is_standard": false,
  "compact_choices": [
    "55",
    "63",
    "118",
    "125"
  ],
  "precise_value": [
    55.0,
    63.0,
    118.0,
    125.0
  ],
  "rough_value": [
    55,
    63,
    118,
    125
  ],
  "compact_text": "Find m \\angle 4.",
  "annotat_text": "Find $m \\angle 4$.",
  "unit": "",
  "img_width": 642,
  "img_height": 533,
  "data_type": "train",
  "date": "Fri Sep 18 22:23:14 2020",
  "system": "linux"
}