{
  "problem_text": "For trapezoid Q R T U, V and S are midpoints of the legs. If R Q = 5 and V S = 11, find U T.",
  "choices": [
    "5",
    "12",
    "17",
    "20"
  ],
  "answer": "C",
  "detailed_solution": " ",
  "problem_type_graph": [
    "Trapezoid"
  ],
  "problem_type_goal": [
    "Length"
  ],
  "source": "textbook1_chapter6.pdf page 56",
  "comment": "",
  "id": 114,
  "annot_id": "Ran_2020-03-19_05_40_22",
  "is_standard": false,
  "compact_choices": [
    "5",
    "12",
    "17",
    "20"
  ],
  "precise_value": [
    5.0,
    12.0,
    17.0,
    20.0
  ],
  "rough_value": [
    5,
    12,
    17,
    20
  ],
  "compact_text": "For trapezoid QRTU, V and S are midpoints of the legs. If RQ = 5 and VS = 11, find UT.",
  "annotat_text": "For trapezoid QRTU, V and S are midpoints of the legs.  If RQ = 5 and VS = 11, find UT.",
  "unit": "",
  "img_width": 373,
  "img_height": 289,
  "data_type": "train",
  "date": "Fri Sep 18 22:23:14 2020",
  "system": "linux"
}