{
  "problem_text": "Polygon A B C D \\sim polygon A E F G, m \\angle A G F = 108, G F = 14, A D = 12, D G = 4.5, E F = 8, and A B = 26. Find D C.",
  "choices": [
    "12",
    "14",
    "22.4",
    "26"
  ],
  "answer": "C",
  "detailed_solution": " ",
  "problem_type_graph": [
    "Other"
  ],
  "problem_type_goal": [
    "Length"
  ],
  "source": "textbook2_chapter6.pdf page 16",
  "comment": "",
  "id": 1079,
  "annot_id": "Ran_2020-03-20_05_49_20",
  "is_standard": false,
  "compact_choices": [
    "12",
    "14",
    "22.4",
    "26"
  ],
  "precise_value": [
    12.0,
    14.0,
    22.4,
    26.0
  ],
  "rough_value": [
    12,
    14,
    22.4,
    26
  ],
  "compact_text": "Polygon ABCD \\sim polygon AEFG, m \\angle AGF = 108, GF = 14, AD = 12, DG = 4.5, EF = 8, and AB = 26. Find DC.",
  "annotat_text": "Polygon ABCD ~ polygon AEFG, $m\\angle AGF = 108$, GF = 14, AD = 12, DG = 4.5, EF = 8, and AB = 26.\r\nFind DC",
  "unit": "",
  "img_width": 411,
  "img_height": 256,
  "data_type": "train",
  "date": "Fri Sep 18 22:23:14 2020",
  "system": "linux"
}