{
  "problem_text": "Polygons F G H J K and V W X U Z are similar regular pentagons. Find the scale factor.",
  "choices": [
    "1:2",
    "2:3",
    "3:2",
    "2:1"
  ],
  "answer": "B",
  "detailed_solution": " ",
  "problem_type_graph": [
    "Other"
  ],
  "problem_type_goal": [
    "Ratio"
  ],
  "source": "Textbook 2_Chapter 11 - Areas of Polygons and Circles.pdf",
  "comment": "",
  "id": 1173,
  "annot_id": "pan_2020-03-22_06_13_25",
  "is_standard": false,
  "compact_choices": [
    "1:2",
    "2:3",
    "3:2",
    "2:1"
  ],
  "precise_value": [
    0.5,
    0.6666666666666666,
    1.5,
    2.0
  ],
  "rough_value": [
    0.5,
    0.67,
    1.5,
    2
  ],
  "compact_text": "Polygons FGHJK and VWXUZ are similar regular pentagons. Find the scale factor.",
  "annotat_text": "Polygons $FGHJK$ and $VWXUZ$ are similar regular pentagons. Find the scale factor.",
  "unit": "",
  "img_width": 584,
  "img_height": 331,
  "data_type": "train",
  "date": "Fri Sep 18 22:23:14 2020",
  "system": "linux"
}