{
  "problem_text": "Find the measure of the altitude drawn to the hypotenuse.",
  "choices": [
    "2 \\sqrt { 3 }",
    "2 \\sqrt { 6 }",
    "2 \\sqrt { 6 }",
    "4 \\sqrt { 3 }"
  ],
  "answer": "A",
  "detailed_solution": " ",
  "problem_type_graph": [
    "Triangle"
  ],
  "problem_type_goal": [
    "Length"
  ],
  "source": "textbook2_chapter7.pdf page 6",
  "comment": "",
  "id": 1209,
  "annot_id": "Ran_2020-03-22_01_57_53",
  "is_standard": false,
  "compact_choices": [
    "2\\sqrt{3}",
    "2\\sqrt{6}",
    "2\\sqrt{6}",
    "4\\sqrt{3}"
  ],
  "precise_value": [
    3.4641016151377544,
    4.898979485566356,
    4.898979485566356,
    6.928203230275509
  ],
  "rough_value": [
    3.46,
    4.9,
    4.9,
    6.93
  ],
  "compact_text": "Find the measure of the altitude drawn to the hypotenuse.",
  "annotat_text": "Find the measure of the altitude drawn to the hypotenuse.",
  "unit": "",
  "img_width": 291,
  "img_height": 203,
  "data_type": "train",
  "date": "Fri Sep 18 22:23:14 2020",
  "system": "linux"
}