{
  "problem_text": "Find y.",
  "choices": [
    "5",
    "5 \\sqrt { 2 }",
    "10",
    "10 \\sqrt { 2 }"
  ],
  "answer": "B",
  "detailed_solution": " ",
  "problem_type_graph": [
    "Triangle"
  ],
  "problem_type_goal": [
    "Length"
  ],
  "source": "textbook2_chapter7.pdf page 21",
  "comment": "",
  "id": 1151,
  "annot_id": "Ran_2020-03-22_04_15_04",
  "is_standard": false,
  "compact_choices": [
    "5",
    "5\\sqrt{2}",
    "10",
    "10\\sqrt{2}"
  ],
  "precise_value": [
    5.0,
    7.0710678118654755,
    10.0,
    14.142135623730951
  ],
  "rough_value": [
    5,
    7.07,
    10,
    14.14
  ],
  "compact_text": "Find y.",
  "annotat_text": "Find y",
  "unit": "",
  "img_width": 214,
  "img_height": 244,
  "data_type": "train",
  "date": "Fri Sep 18 22:23:14 2020",
  "system": "linux"
}