{
  "text_logic_form": [
    "Find(y)"
  ],
  "dissolved_text_logic_form": [
    "Find(y)"
  ],
  "diagram_logic_form": [
    "Equals(LengthOf(Line(A, C)), 10)",
    "Equals(LengthOf(Line(B, C)), x)",
    "Equals(MeasureOf(Angle(B, A, C)), 45)",
    "Equals(LengthOf(Line(A, B)), y)",
    "Perpendicular(Line(B, C), Line(A, B))"
  ],
  "line_instances": [
    "AB",
    "AC",
    "BC"
  ],
  "circle_instances": [],
  "point_positions": {
    "A": [
      159.67078189300412,
      160.33539094650206
    ],
    "B": [
      1.3332815775172762,
      160.99583365680718
    ],
    "C": [
      0.0,
      0.0
    ]
  }
}