{
  "problem_text": "Find x in the figure.",
  "choices": [
    "14",
    "15",
    "16",
    "17"
  ],
  "answer": "C",
  "detailed_solution": " ",
  "problem_type_graph": [
    "Line"
  ],
  "problem_type_goal": [
    "Angle"
  ],
  "source": "Textbook 2_Chapter 3 - Parallel and Perpendicular Lines.pdf",
  "comment": "",
  "id": 118,
  "annot_id": "pan_2020-03-17_01_59_07",
  "is_standard": false,
  "compact_choices": [
    "14",
    "15",
    "16",
    "17"
  ],
  "precise_value": [
    14.0,
    15.0,
    16.0,
    17.0
  ],
  "rough_value": [
    14,
    15,
    16,
    17
  ],
  "compact_text": "Find x in the figure.",
  "annotat_text": "Find $x$ in the figure.",
  "unit": "",
  "img_width": 509,
  "img_height": 192,
  "data_type": "train",
  "date": "Fri Sep 18 22:23:14 2020",
  "system": "linux"
}