{
  "problem_text": "Find x.",
  "choices": [
    "5.5",
    "5.5 \\sqrt { 2 }",
    "11",
    "11 \\sqrt { 2 }"
  ],
  "answer": "A",
  "detailed_solution": " ",
  "problem_type_graph": [
    "Triangle"
  ],
  "problem_type_goal": [
    "Length"
  ],
  "source": "textbook2_chapter7.pdf page 21",
  "comment": "",
  "id": 1139,
  "annot_id": "Ran_2020-03-22_04_33_24",
  "is_standard": false,
  "compact_choices": [
    "5.5",
    "5.5\\sqrt{2}",
    "11",
    "11\\sqrt{2}"
  ],
  "precise_value": [
    5.5,
    7.778174593052023,
    11.0,
    15.556349186104047
  ],
  "rough_value": [
    5.5,
    7.78,
    11,
    15.56
  ],
  "compact_text": "Find x.",
  "annotat_text": "Find x",
  "unit": "",
  "img_width": 281,
  "img_height": 256,
  "data_type": "train",
  "date": "Fri Sep 18 22:23:14 2020",
  "system": "linux"
}