{
  "problem_text": "Find the area of the shaded sector. Round to the nearest tenth.",
  "choices": [
    "15.5",
    "46.5",
    "66.6",
    "113.1"
  ],
  "answer": "B",
  "detailed_solution": " ",
  "problem_type_graph": [
    "Circle"
  ],
  "problem_type_goal": [
    "Area"
  ],
  "source": "textbook1_chapter_11.pdf",
  "comment": "",
  "id": 102,
  "annot_id": "pan_2020-03-23_02_50_28",
  "is_standard": false,
  "unit": "m^2",
  "compact_choices": [
    "15.5",
    "46.5",
    "66.6",
    "113.1"
  ],
  "precise_value": [
    15.5,
    46.5,
    66.6,
    113.1
  ],
  "rough_value": [
    15.5,
    46.5,
    66.6,
    113.1
  ],
  "compact_text": "Find the area of the shaded sector. Round to the nearest tenth.",
  "annotat_text": "Find the area of the shaded sector. Round to the nearest tenth.",
  "img_width": 274,
  "img_height": 251,
  "data_type": "train",
  "date": "Fri Sep 18 22:23:14 2020",
  "system": "linux"
}