{
  "problem_text": "Quadrilateral A B C D is a rectangle. m \\angle 2 = 40. Find m \\angle 7.",
  "choices": [
    "40",
    "45",
    "50",
    "90"
  ],
  "answer": "A",
  "detailed_solution": " ",
  "problem_type_graph": [
    "Rectangle"
  ],
  "problem_type_goal": [
    "Angle"
  ],
  "source": "textbook1_chapter6.pdf page 38",
  "comment": "",
  "id": 1123,
  "annot_id": "Ran_2020-03-19_03_48_34",
  "is_standard": false,
  "compact_choices": [
    "40",
    "45",
    "50",
    "90"
  ],
  "precise_value": [
    40.0,
    45.0,
    50.0,
    90.0
  ],
  "rough_value": [
    40,
    45,
    50,
    90
  ],
  "compact_text": "Quadrilateral ABCD is a rectangle. m \\angle 2 = 40. Find m \\angle 7.",
  "annotat_text": "Quadrilateral ABCD is a rectangle. $m\\angle 2 = 40$. Find $m \\angle 7$",
  "unit": "",
  "img_width": 380,
  "img_height": 227,
  "data_type": "train",
  "date": "Fri Sep 18 22:23:14 2020",
  "system": "linux"
}