{
  "problem_text": "Find x. Assume that segments that appear to be tangent are tangent.",
  "choices": [
    "3",
    "4",
    "5",
    "6"
  ],
  "answer": "A",
  "detailed_solution": " ",
  "problem_type_graph": [
    "Circle",
    "Triangle"
  ],
  "problem_type_goal": [
    "Length"
  ],
  "source": "textbook2_chapter10.pdf page 37",
  "comment": "",
  "id": 1078,
  "annot_id": "Ran_2020-03-29_03_55_42",
  "is_standard": false,
  "compact_choices": [
    "3",
    "4",
    "5",
    "6"
  ],
  "precise_value": [
    3.0,
    4.0,
    5.0,
    6.0
  ],
  "rough_value": [
    3,
    4,
    5,
    6
  ],
  "compact_text": "Find x. Assume that segments that appear to be tangent are tangent.",
  "annotat_text": "Find x. Assume that segments that appear to be tangent are tangent.",
  "unit": "",
  "img_width": 326,
  "img_height": 283,
  "data_type": "train",
  "date": "Fri Sep 18 22:23:14 2020",
  "system": "linux"
}