{
  "problem_text": "G J is a diameter of \\odot K. Find m \\widehat G L H.",
  "choices": [
    "119",
    "122",
    "238",
    "244"
  ],
  "answer": "C",
  "detailed_solution": " ",
  "problem_type_graph": [
    "Circle"
  ],
  "problem_type_goal": [
    "Angle"
  ],
  "source": "textbook1_chapter_10.pdf",
  "comment": "missing a point",
  "id": 1082,
  "annot_id": "Shibiao_2020-03-27_11_47_34",
  "is_standard": false,
  "compact_choices": [
    "119",
    "122",
    "238",
    "244"
  ],
  "precise_value": [
    119.0,
    122.0,
    238.0,
    244.0
  ],
  "rough_value": [
    119,
    122,
    238,
    244
  ],
  "compact_text": "GJ is a diameter of \\odot K. Find m \\widehat GLH.",
  "annotat_text": "$\\overline{GJ}$ is a diameter of $\\odot K$. Find $m \\widehat {GLH}$.",
  "unit": "",
  "img_width": 546,
  "img_height": 449,
  "data_type": "train",
  "date": "Fri Sep 18 22:23:14 2020",
  "system": "linux"
}