{
  "problem_text": "Find the area of the shaded sector. Round to the nearest tenth, if necessary.",
  "choices": [
    "10.8",
    "59.6",
    "60.2",
    "333.9"
  ],
  "answer": "D",
  "detailed_solution": " ",
  "problem_type_graph": [
    "Circle"
  ],
  "problem_type_goal": [
    "Area"
  ],
  "source": "textbook1_chapter_11.pdf",
  "comment": "",
  "id": 1065,
  "annot_id": "pan_2020-03-23_02_55_59",
  "is_standard": false,
  "unit": "mm^2",
  "compact_choices": [
    "10.8",
    "59.6",
    "60.2",
    "333.9"
  ],
  "precise_value": [
    10.8,
    59.6,
    60.2,
    333.9
  ],
  "rough_value": [
    10.8,
    59.6,
    60.2,
    333.9
  ],
  "compact_text": "Find the area of the shaded sector. Round to the nearest tenth, if necessary.",
  "annotat_text": "Find the area of the shaded sector. Round to the nearest tenth, if necessary.",
  "img_width": 304,
  "img_height": 275,
  "data_type": "train",
  "date": "Fri Sep 18 22:23:14 2020",
  "system": "linux"
}