{
  "problem_text": "Quadrilateral A B C D is inscribed in \\odot Z such that m \\angle B Z A = 104, m \\widehat C B = 94, and A B \\parallel D C. Find m \\widehat A D C.",
  "choices": [
    "36",
    "90",
    "120",
    "162"
  ],
  "answer": "D",
  "detailed_solution": " ",
  "problem_type_graph": [
    "Circle"
  ],
  "problem_type_goal": [
    "Angle"
  ],
  "source": "textbook2_chapter10.pdf page 31",
  "comment": "",
  "id": 1128,
  "annot_id": "Ran_2020-03-29_03_34_44",
  "is_standard": false,
  "compact_choices": [
    "36",
    "90",
    "120",
    "162"
  ],
  "precise_value": [
    36.0,
    90.0,
    120.0,
    162.0
  ],
  "rough_value": [
    36,
    90,
    120,
    162
  ],
  "compact_text": "Quadrilateral ABCD is inscribed in \\odot Z such that m \\angle BZA = 104, m \\widehat CB = 94, and AB \\parallel DC. Find m \\widehat ADC.",
  "annotat_text": "Quadrilateral $A B C D$ is inscribed in $\\odot Z$ such that $m \\angle B Z A=104, m \\widehat{C B}=94,$ and $\\overline{A B} \\| \\overline{D C} .$\r\nFind $m \\widehat{A D C}$",
  "unit": "",
  "img_width": 344,
  "img_height": 348,
  "data_type": "train",
  "date": "Fri Sep 18 22:23:14 2020",
  "system": "linux"
}