{
  "problem_text": "Find x.",
  "choices": [
    "20",
    "37.5",
    "42.5",
    "45"
  ],
  "answer": "C",
  "detailed_solution": " ",
  "problem_type_graph": [
    "Triangle"
  ],
  "problem_type_goal": [
    "Length"
  ],
  "source": "textbook2_chapter7.pdf page 14",
  "comment": "",
  "id": 1072,
  "annot_id": "Ran_2020-03-22_04_04_32",
  "is_standard": false,
  "compact_choices": [
    "20",
    "37.5",
    "42.5",
    "45"
  ],
  "precise_value": [
    20.0,
    37.5,
    42.5,
    45.0
  ],
  "rough_value": [
    20,
    37.5,
    42.5,
    45
  ],
  "compact_text": "Find x.",
  "annotat_text": "Find x",
  "unit": "",
  "img_width": 169,
  "img_height": 243,
  "data_type": "train",
  "date": "Fri Sep 18 22:23:14 2020",
  "system": "linux"
}