{
  "problem_text": "Find x.",
  "choices": [
    "4 \\sqrt { 5 }",
    "4 \\sqrt { 13 }",
    "8 \\sqrt { 5 }",
    "8 \\sqrt { 13 }"
  ],
  "answer": "B",
  "detailed_solution": " ",
  "problem_type_graph": [
    "Triangle"
  ],
  "problem_type_goal": [
    "Length"
  ],
  "source": "textbook1_chapter_8.pdf",
  "comment": "",
  "id": 1097,
  "annot_id": "pan_2020-03-23_22_31_59",
  "is_standard": false,
  "compact_choices": [
    "4\\sqrt{5}",
    "4\\sqrt{13}",
    "8\\sqrt{5}",
    "8\\sqrt{13}"
  ],
  "precise_value": [
    8.94427190999916,
    14.422205101855956,
    17.88854381999832,
    28.844410203711913
  ],
  "rough_value": [
    8.94,
    14.42,
    17.89,
    28.84
  ],
  "compact_text": "Find x.",
  "annotat_text": "Find x.",
  "unit": "",
  "img_width": 173,
  "img_height": 271,
  "data_type": "train",
  "date": "Fri Sep 18 22:23:14 2020",
  "system": "linux"
}