{
  "text_logic_form": [
    "Equals(MeasureOf(Angle(1)),58)",
    "Equals(MeasureOf(Angle(2)),47)",
    "Equals(MeasureOf(Angle(3)),26)",
    "Find(MeasureOf(Angle(7)))"
  ],
  "dissolved_text_logic_form": [
    "Equals(MeasureOf(Angle(1)),58)",
    "Equals(MeasureOf(Angle(2)),47)",
    "Equals(MeasureOf(Angle(3)),26)",
    "Find(MeasureOf(Angle(7)))"
  ],
  "diagram_logic_form": [
    "Equals(MeasureOf(Angle(B, A, E)), MeasureOf(angle 1))",
    "Equals(MeasureOf(Angle(E, B, A)), MeasureOf(angle 2))",
    "Equals(MeasureOf(Angle(D, B, E)), MeasureOf(angle 3))",
    "Equals(MeasureOf(Angle(A, E, B)), MeasureOf(angle 6))",
    "Equals(MeasureOf(Angle(B, E, C)), MeasureOf(angle 5))",
    "Equals(MeasureOf(Angle(E, C, B)), MeasureOf(angle 4))",
    "Equals(MeasureOf(Angle(C, E, D)), MeasureOf(angle 7))",
    "Equals(MeasureOf(Angle(D, C, E)), MeasureOf(angle 8))",
    "Equals(MeasureOf(Angle(E, D, B)), MeasureOf(angle 9))",
    "PointLiesOnLine(C, Line(D, B))",
    "PointLiesOnLine(E, Line(D, A))",
    "Parallel(Line(A,B), Line(E,C))"
  ],
  "line_instances": [
    "BA",
    "BC",
    "BE",
    "DA",
    "DB",
    "DC",
    "DE",
    "EA",
    "EC"
  ],
  "point_positions": {
    "A": [
      1.0,
      8.0
    ],
    "B": [
      198.0,
      8.0
    ],
    "C": [
      160.0,
      132.0
    ],
    "D": [
      133.0,
      216.0
    ],
    "E": [
      81.0,
      131.0
    ]
  },
  "circle_instances": [
    ""
  ]
}