{
  "problem_text": "Find x.",
  "choices": [
    "42",
    "44",
    "46",
    "48"
  ],
  "answer": "D",
  "detailed_solution": " ",
  "problem_type_graph": [
    "Triangle"
  ],
  "problem_type_goal": [
    "Length"
  ],
  "source": "textbook1_chapter_8.pdf",
  "comment": "",
  "id": 1148,
  "annot_id": "pan_2020-03-23_22_30_35",
  "is_standard": false,
  "compact_choices": [
    "42",
    "44",
    "46",
    "48"
  ],
  "precise_value": [
    42.0,
    44.0,
    46.0,
    48.0
  ],
  "rough_value": [
    42,
    44,
    46,
    48
  ],
  "compact_text": "Find x.",
  "annotat_text": "Find x.",
  "unit": "",
  "img_width": 486,
  "img_height": 208,
  "data_type": "train",
  "date": "Fri Sep 18 22:23:14 2020",
  "system": "linux"
}