{
  "problem_text": "If W X Y Z is a kite, find m \\angle Z.",
  "choices": [
    "60",
    "75",
    "120",
    "150"
  ],
  "answer": "B",
  "detailed_solution": " ",
  "problem_type_graph": [
    "Other"
  ],
  "problem_type_goal": [
    "Angle"
  ],
  "source": "textbook1_chapter6.pdf page 56",
  "comment": "",
  "id": 1030,
  "annot_id": "Ran_2020-03-19_05_46_20",
  "is_standard": false,
  "compact_choices": [
    "60",
    "75",
    "120",
    "150"
  ],
  "precise_value": [
    60.0,
    75.0,
    120.0,
    150.0
  ],
  "rough_value": [
    60,
    75,
    120,
    150
  ],
  "compact_text": "If WXYZ is a kite, find m \\angle Z.",
  "annotat_text": "If WXYZ is a kite, find $m\\angle Z$",
  "unit": "",
  "img_width": 330,
  "img_height": 268,
  "data_type": "train",
  "date": "Fri Sep 18 22:23:14 2020",
  "system": "linux"
}