{
  "problem_text": "If F K = 3 x - 1, K G = 4 y + 3, J K = 6 y - 2, and K H = 2 x + 3, find x so that the quadrilateral is a parallelogram.",
  "choices": [
    "4",
    "5",
    "10",
    "12"
  ],
  "answer": "A",
  "detailed_solution": " ",
  "problem_type_graph": [
    "Parallelogram"
  ],
  "problem_type_goal": [
    "Length"
  ],
  "source": "textbook1_chapter6.pdf page 26",
  "comment": "",
  "id": 115,
  "annot_id": "Ran_2020-03-15_06_23_59",
  "is_standard": false,
  "compact_choices": [
    "4",
    "5",
    "10",
    "12"
  ],
  "precise_value": [
    4.0,
    5.0,
    10.0,
    12.0
  ],
  "rough_value": [
    4,
    5,
    10,
    12
  ],
  "compact_text": "If FK = 3x-1, KG = 4y+3, JK = 6y-2, and KH = 2x+3, find x so that the quadrilateral is a parallelogram.",
  "annotat_text": "If $FK = 3x - 1$, $KG = 4y + 3$, $JK = 6y - 2$, and $KH = 2x + 3$, find $x$ so that the quadrilateral is a parallelogram.",
  "unit": "",
  "img_width": 460,
  "img_height": 255,
  "data_type": "train",
  "date": "Fri Sep 18 22:23:14 2020",
  "system": "linux"
}