{
  "problem_text": "Find x.",
  "choices": [
    "\\sqrt { 24 }",
    "2 \\sqrt { 11 }",
    "2 \\sqrt { 22 }",
    "\\sqrt { 89 }"
  ],
  "answer": "C",
  "detailed_solution": " ",
  "problem_type_graph": [
    "Triangle"
  ],
  "problem_type_goal": [
    "Length"
  ],
  "source": "textbook2_chapter7.pdf page 27",
  "comment": "",
  "id": 1004,
  "annot_id": "Ran_2020-03-22_03_38_46",
  "is_standard": false,
  "compact_choices": [
    "\\sqrt{24}",
    "2\\sqrt{11}",
    "2\\sqrt{22}",
    "\\sqrt{89}"
  ],
  "precise_value": [
    4.898979485566356,
    6.6332495807108,
    9.38083151964686,
    9.433981132056603
  ],
  "rough_value": [
    4.9,
    6.63,
    9.38,
    9.43
  ],
  "compact_text": "Find x.",
  "annotat_text": "Find x",
  "unit": "",
  "img_width": 180,
  "img_height": 254,
  "data_type": "train",
  "date": "Fri Sep 18 22:23:14 2020",
  "system": "linux"
}