{
  "problem_text": "Find x.",
  "choices": [
    "2",
    "3",
    "4",
    "5"
  ],
  "answer": "B",
  "detailed_solution": " ",
  "problem_type_graph": [
    "Triangle"
  ],
  "problem_type_goal": [
    "Length"
  ],
  "source": "textbook1_chapter_7.pdf",
  "comment": "",
  "id": 1016,
  "annot_id": "Shibiao_2020-03-22_09_53_36",
  "is_standard": false,
  "compact_choices": [
    "2",
    "3",
    "4",
    "5"
  ],
  "precise_value": [
    2.0,
    3.0,
    4.0,
    5.0
  ],
  "rough_value": [
    2,
    3,
    4,
    5
  ],
  "compact_text": "Find x.",
  "annotat_text": "Find $x$.",
  "unit": "",
  "img_width": 773,
  "img_height": 304,
  "data_type": "train",
  "date": "Fri Sep 18 22:23:14 2020",
  "system": "linux"
}