{
  "problem_text": "Find X Y.",
  "choices": [
    "3.5",
    "7",
    "34",
    "41"
  ],
  "answer": "B",
  "detailed_solution": " ",
  "problem_type_graph": [
    "Triangle"
  ],
  "problem_type_goal": [
    "Length"
  ],
  "source": "textbook1_chapter_5.pdf",
  "comment": "",
  "id": 1170,
  "annot_id": "Shibiao_2020-03-22_03_21_06",
  "is_standard": false,
  "compact_choices": [
    "3.5",
    "7",
    "34",
    "41"
  ],
  "precise_value": [
    3.5,
    7.0,
    34.0,
    41.0
  ],
  "rough_value": [
    3.5,
    7,
    34,
    41
  ],
  "compact_text": "Find XY.",
  "annotat_text": "Find $XY$.",
  "unit": "",
  "img_width": 505,
  "img_height": 465,
  "data_type": "train",
  "date": "Fri Sep 18 22:23:14 2020",
  "system": "linux"
}