{
  "problem_text": "Find the perimeter of the given triangle. \\triangle A B C, if \\triangle A B C \\sim \\triangle C B D, C D = 4, D B = 3, and C B = 5.",
  "choices": [
    "15",
    "16",
    "18",
    "20"
  ],
  "answer": "D",
  "detailed_solution": " ",
  "problem_type_graph": [
    "Triangle"
  ],
  "problem_type_goal": [
    "Length"
  ],
  "source": "textbook2_chapter6.pdf page 41",
  "comment": "Good example, geometric median theorem",
  "id": 1019,
  "annot_id": "Ran_2020-03-21_07_13_57",
  "is_standard": false,
  "compact_choices": [
    "15",
    "16",
    "18",
    "20"
  ],
  "precise_value": [
    15.0,
    16.0,
    18.0,
    20.0
  ],
  "rough_value": [
    15,
    16,
    18,
    20
  ],
  "compact_text": "Find the perimeter of the given triangle. \\triangle ABC, if \\triangle ABC \\sim \\triangle CBD, CD = 4, DB = 3, and CB = 5.",
  "annotat_text": "Find the perimeter of the given triangle. $\\triangle A B C,$ if $\\triangle A B C \\sim \\triangle C B D, C D=4$, $D B=3,$ and $C B=5$.",
  "unit": "",
  "img_width": 451,
  "img_height": 256,
  "data_type": "train",
  "date": "Fri Sep 18 22:23:14 2020",
  "system": "linux"
}