{
  "problem_text": "Find m \\angle H.",
  "choices": [
    "40",
    "44",
    "48",
    "54"
  ],
  "answer": "D",
  "detailed_solution": " ",
  "problem_type_graph": [
    "Circle"
  ],
  "problem_type_goal": [
    "Angle"
  ],
  "source": "textbook1_chapter_10.pdf",
  "comment": "",
  "id": 1202,
  "annot_id": "Shibiao_2020-03-28_09_17_53",
  "is_standard": false,
  "compact_choices": [
    "40",
    "44",
    "48",
    "54"
  ],
  "precise_value": [
    40.0,
    44.0,
    48.0,
    54.0
  ],
  "rough_value": [
    40,
    44,
    48,
    54
  ],
  "compact_text": "Find m \\angle H.",
  "annotat_text": "Find $m \\angle H$.",
  "unit": "",
  "img_width": 546,
  "img_height": 466,
  "data_type": "train",
  "date": "Fri Sep 18 22:23:14 2020",
  "system": "linux"
}