{
  "problem_text": "Refer to trapezoid C D F G with median H E. Let Y Z be the median of H E F G. Find Y Z.",
  "choices": [
    "34",
    "38",
    "42",
    "46"
  ],
  "answer": "A",
  "detailed_solution": " ",
  "problem_type_graph": [
    "Trapezoid"
  ],
  "problem_type_goal": [
    "Length"
  ],
  "source": "Textbook 2_Chapter 11 - Areas of Polygons and Circles.pdf",
  "comment": "",
  "id": 1086,
  "annot_id": "pan_2020-03-22_06_31_03",
  "is_standard": false,
  "compact_choices": [
    "34",
    "38",
    "42",
    "46"
  ],
  "precise_value": [
    34.0,
    38.0,
    42.0,
    46.0
  ],
  "rough_value": [
    34,
    38,
    42,
    46
  ],
  "compact_text": "Refer to trapezoid CDFG with median HE. Let YZ be the median of HEFG. Find YZ.",
  "annotat_text": "Refer to trapezoid $CDFG$ with median $\\overline{HE}$. Let $\\overline{YZ}$ be the median of $HEFG$. Find $YZ$.",
  "unit": "",
  "img_width": 346,
  "img_height": 263,
  "data_type": "train",
  "date": "Fri Sep 18 22:23:14 2020",
  "system": "linux"
}