{
  "text_logic_form": [
    "Trapezoid(C,D,F,G)",
    "IsMedianOf(Line(H,E),Trapezoid(C,D,F,G))",
    "IsMedianOf(Line(Y,Z),Quadrilateral(H,E,F,G))",
    "Find(LengthOf(Line(Y,Z)))"
  ],
  "dissolved_text_logic_form": [
    "Trapezoid(C,D,F,G)",
    "IsMedianOf(Line(H,E),Trapezoid(C,D,F,G))",
    "IsMedianOf(Line(Y,Z),Quadrilateral(H,E,F,G))",
    "Find(LengthOf(Line(Y,Z)))"
  ],
  "diagram_logic_form": [
    "Equals(LengthOf(Line(D, C)), 46)",
    "Equals(LengthOf(Line(E, H)), 38)",
    "PointLiesOnLine(E, Line(D, F))",
    "PointLiesOnLine(H, Line(C, G))"
  ],
  "line_instances": [
    "DF",
    "DC",
    "DE",
    "FG",
    "FE",
    "CH",
    "CG",
    "EH",
    "HG"
  ],
  "circle_instances": [],
  "point_positions": {
    "D": [
      284.0,
      0.0
    ],
    "H": [
      32.39218116268589,
      75.00332356917531
    ],
    "F": [
      249.49376114081997,
      149.66042780748663
    ],
    "C": [
      0.2904965594197506,
      1.3312875829148823
    ],
    "G": [
      64.89678224230869,
      149.0012240190194
    ],
    "E": [
      266.82356894813483,
      76.99003024532317
    ]
  }
}