{
  "problem_text": "Find the perimeter of the figure. Round to the nearest hundredth, if necessary.",
  "choices": [
    "32",
    "33.8",
    "35.4",
    "37.9"
  ],
  "answer": "D",
  "detailed_solution": " ",
  "problem_type_graph": [
    "Triangle",
    "Parallelogram"
  ],
  "problem_type_goal": [
    "Length"
  ],
  "source": "textbook1_chapter_11.pdf",
  "comment": "",
  "id": 1192,
  "annot_id": "pan_2020-03-22_23_43_37",
  "is_standard": false,
  "unit": "yd",
  "compact_choices": [
    "32",
    "33.8",
    "35.4",
    "37.9"
  ],
  "precise_value": [
    32.0,
    33.8,
    35.4,
    37.9
  ],
  "rough_value": [
    32,
    33.8,
    35.4,
    37.9
  ],
  "compact_text": "Find the perimeter of the figure. Round to the nearest hundredth, if necessary.",
  "annotat_text": "Find the perimeter of the figure. Round to the nearest hundredth, if necessary.",
  "img_width": 552,
  "img_height": 239,
  "data_type": "train",
  "date": "Fri Sep 18 22:23:14 2020",
  "system": "linux"
}