{
  "problem_text": "Find x.",
  "choices": [
    "6 \\sqrt { 2 }",
    "6 \\sqrt { 3 }",
    "12 \\sqrt { 2 }",
    "12 \\sqrt { 3 }"
  ],
  "answer": "A",
  "detailed_solution": " ",
  "problem_type_graph": [
    "Triangle"
  ],
  "problem_type_goal": [
    "Length"
  ],
  "source": "textbook1_chapter_8.pdf",
  "comment": "",
  "id": 1194,
  "annot_id": "pan_2020-03-24_00_19_13",
  "is_standard": false,
  "compact_choices": [
    "6\\sqrt{2}",
    "6\\sqrt{3}",
    "12\\sqrt{2}",
    "12\\sqrt{3}"
  ],
  "precise_value": [
    8.485281374238571,
    10.392304845413264,
    16.970562748477143,
    20.784609690826528
  ],
  "rough_value": [
    8.49,
    10.39,
    16.97,
    20.78
  ],
  "compact_text": "Find x.",
  "annotat_text": "Find x.",
  "unit": "",
  "img_width": 252,
  "img_height": 247,
  "data_type": "train",
  "date": "Fri Sep 18 22:23:14 2020",
  "system": "linux"
}