{
  "text_logic_form": [
    "Find(x)"
  ],
  "dissolved_text_logic_form": [
    "Find(x)"
  ],
  "diagram_logic_form": [
    "Equals(LengthOf(Line(A, C)), x)",
    "Equals(LengthOf(Line(B, C)), x)",
    "Equals(LengthOf(Line(A, B)), 12)",
    "Perpendicular(Line(A, C), Line(B, C))"
  ],
  "line_instances": [
    "AB",
    "AC",
    "BC"
  ],
  "circle_instances": [],
  "point_positions": {
    "A": [
      167.33333333333334,
      0.0
    ],
    "B": [
      7.105427357601002e-15,
      168.0
    ],
    "C": [
      2.000000000000007,
      0.0
    ]
  }
}