{
  "text_logic_form": [
    "Find(MeasureOf(Angle(K)))"
  ],
  "dissolved_text_logic_form": [
    "Find(MeasureOf(Angle(K)))"
  ],
  "diagram_logic_form": [
    "Equals(MeasureOf(Angle(J, M, L)), 2x-8)",
    "Equals(MeasureOf(Angle(M, J, K)), 3x-6)",
    "Equals(MeasureOf(Angle(J, K, L)), x+10)",
    "Equals(MeasureOf(Angle(K, L, M)), x)"
  ],
  "line_instances": [
    "KJ",
    "LK",
    "LM",
    "MJ"
  ],
  "point_positions": {
    "J": [
      121.0,
      43.0
    ],
    "K": [
      1.0,
      206.0
    ],
    "L": [
      412.0,
      206.0
    ],
    "M": [
      288.0,
      1.0
    ]
  },
  "circle_instances": [
    ""
  ]
}