{
  "problem_text": "Find x. Round to the nearest tenth.",
  "choices": [
    "3.7",
    "4.8",
    "5.1",
    "6.0"
  ],
  "answer": "B",
  "detailed_solution": " ",
  "problem_type_graph": [
    "Triangle"
  ],
  "problem_type_goal": [
    "Length"
  ],
  "source": "Textbook 2_Chapter 11 - Areas of Polygons and Circles.pdf",
  "comment": "",
  "id": 1125,
  "annot_id": "pan_2020-03-22_05_49_22",
  "is_standard": false,
  "compact_choices": [
    "3.7",
    "4.8",
    "5.1",
    "6.0"
  ],
  "precise_value": [
    3.7,
    4.8,
    5.1,
    6.0
  ],
  "rough_value": [
    3.7,
    4.8,
    5.1,
    6
  ],
  "compact_text": "Find x. Round to the nearest tenth.",
  "annotat_text": "Find $x$. Round to the nearest tenth.",
  "unit": "",
  "img_width": 273,
  "img_height": 265,
  "data_type": "train",
  "date": "Fri Sep 18 22:23:14 2020",
  "system": "linux"
}