{
  "text_logic_form": [
    "Find(x)"
  ],
  "dissolved_text_logic_form": [
    "Find(x)"
  ],
  "diagram_logic_form": [
    "Equals(LengthOf(Line(A, C)), x)",
    "Equals(MeasureOf(Angle(C, D, B)), 58)",
    "Equals(LengthOf(Line(B, D)), 6)",
    "PointLiesOnLine(A, Line(B, D))",
    "Perpendicular(Line(A, C), Line(A, B))",
    "Equals(LengthOf(Line(C, D)), LengthOf(Line(B, C)))"
  ],
  "line_instances": [
    "AB",
    "AC",
    "AD",
    "BC",
    "BD",
    "CD"
  ],
  "point_positions": {
    "A": [
      108.0,
      173.0
    ],
    "B": [
      216.0,
      172.0
    ],
    "C": [
      108.0,
      2.0
    ],
    "D": [
      1.0,
      173.0
    ]
  },
  "circle_instances": [
    ""
  ]
}