{
  "problem_text": "Find the value of x in the diagram.",
  "choices": [
    "5",
    "10",
    "20",
    "40"
  ],
  "answer": "C",
  "detailed_solution": " ",
  "problem_type_graph": [
    "Other"
  ],
  "problem_type_goal": [
    "Angle"
  ],
  "source": "textbook1_chapter6.pdf page 8",
  "comment": "",
  "id": 1168,
  "annot_id": "Ran_2020-03-15_03_49_20",
  "is_standard": false,
  "compact_choices": [
    "5",
    "10",
    "20",
    "40"
  ],
  "precise_value": [
    5.0,
    10.0,
    20.0,
    40.0
  ],
  "rough_value": [
    5,
    10,
    20,
    40
  ],
  "compact_text": "Find the value of x in the diagram.",
  "annotat_text": "Find the value of $x$ in the diagram",
  "unit": "",
  "img_width": 634,
  "img_height": 424,
  "data_type": "train",
  "date": "Fri Sep 18 22:23:14 2020",
  "system": "linux"
}