{
  "problem_text": "Find the measure of \\angle 4 in the figure.",
  "choices": [
    "52",
    "56",
    "58",
    "60"
  ],
  "answer": "D",
  "detailed_solution": " ",
  "problem_type_graph": [
    "Line",
    "Triangle"
  ],
  "problem_type_goal": [
    "Angle"
  ],
  "source": "Textbook 2_Chapter 4 - Congruent Triangles.pdf",
  "comment": "",
  "id": 1084,
  "annot_id": "pan_2020-03-18_01_46_43",
  "is_standard": false,
  "compact_choices": [
    "52",
    "56",
    "58",
    "60"
  ],
  "precise_value": [
    52.0,
    56.0,
    58.0,
    60.0
  ],
  "rough_value": [
    52,
    56,
    58,
    60
  ],
  "compact_text": "Find the measure of \\angle 4 in the figure.",
  "annotat_text": "Find the measure of $\\angle 4$ in the figure.",
  "unit": "",
  "img_width": 570,
  "img_height": 270,
  "data_type": "train",
  "date": "Fri Sep 18 22:23:14 2020",
  "system": "linux"
}