{
  "problem_text": "In the figure, m \\angle 4 = 104, m \\angle 14 = 118. Find the measure of \\angle 10.",
  "choices": [
    "62",
    "76",
    "104",
    "118"
  ],
  "answer": "D",
  "detailed_solution": " ",
  "problem_type_graph": [
    "Line"
  ],
  "problem_type_goal": [
    "Angle"
  ],
  "source": "textbook1_chapter_3.pdf",
  "comment": "",
  "id": 117,
  "annot_id": "pan_2020-03-15_03_43_29",
  "is_standard": false,
  "compact_choices": [
    "62",
    "76",
    "104",
    "118"
  ],
  "precise_value": [
    62.0,
    76.0,
    104.0,
    118.0
  ],
  "rough_value": [
    62,
    76,
    104,
    118
  ],
  "compact_text": "In the figure, m \\angle 4 = 104, m \\angle 14 = 118. Find the measure of \\angle 10.",
  "annotat_text": "In the figure, $m\u22204 = 104$, $m\u222014 = 118$. Find the measure of $\\angle 10$.",
  "unit": "",
  "img_width": 396,
  "img_height": 312,
  "data_type": "train",
  "date": "Fri Sep 18 22:23:14 2020",
  "system": "linux"
}