{
  "problem_text": "Use parallelogram to find b.",
  "choices": [
    "2",
    "3",
    "14",
    "17"
  ],
  "answer": "B",
  "detailed_solution": " ",
  "problem_type_graph": [
    "Parallelogram"
  ],
  "problem_type_goal": [
    "Length"
  ],
  "source": "textbook1_chapter6.pdf page 19",
  "comment": "",
  "id": 1219,
  "annot_id": "Ran_2020-03-15_05_48_10",
  "is_standard": false,
  "compact_choices": [
    "2",
    "3",
    "14",
    "17"
  ],
  "precise_value": [
    2.0,
    3.0,
    14.0,
    17.0
  ],
  "rough_value": [
    2,
    3,
    14,
    17
  ],
  "compact_text": "Use parallelogram to find b.",
  "annotat_text": "Use parallelogram to find $b$",
  "unit": "",
  "img_width": 527,
  "img_height": 419,
  "data_type": "train",
  "date": "Fri Sep 18 22:23:14 2020",
  "system": "linux"
}