{
  "problem_text": "Find x.",
  "choices": [
    "5",
    "6",
    "7",
    "8"
  ],
  "answer": "C",
  "detailed_solution": " ",
  "problem_type_graph": [
    "Triangle"
  ],
  "problem_type_goal": [
    "Length"
  ],
  "source": "textbook1_chapter_7.pdf",
  "comment": "",
  "id": 1006,
  "annot_id": "Shibiao_2020-03-22_12_35_21",
  "is_standard": false,
  "compact_choices": [
    "5",
    "6",
    "7",
    "8"
  ],
  "precise_value": [
    5.0,
    6.0,
    7.0,
    8.0
  ],
  "rough_value": [
    5,
    6,
    7,
    8
  ],
  "compact_text": "Find x.",
  "annotat_text": "Find $x$.",
  "unit": "",
  "img_width": 477,
  "img_height": 431,
  "data_type": "train",
  "date": "Fri Sep 18 22:23:14 2020",
  "system": "linux"
}