{
  "problem_text": "Find the perimeter of the figure. Round to the nearest tenth if necessary.",
  "choices": [
    "28",
    "56",
    "112",
    "164"
  ],
  "answer": "B",
  "detailed_solution": " ",
  "problem_type_graph": [
    "Parallelogram"
  ],
  "problem_type_goal": [
    "Length"
  ],
  "source": "textbook1_chapter_11.pdf",
  "comment": "",
  "id": 112,
  "annot_id": "pan_2020-03-23_08_46_16",
  "is_standard": false,
  "unit": "cm",
  "compact_choices": [
    "28",
    "56",
    "112",
    "164"
  ],
  "precise_value": [
    28.0,
    56.0,
    112.0,
    164.0
  ],
  "rough_value": [
    28,
    56,
    112,
    164
  ],
  "compact_text": "Find the perimeter of the figure. Round to the nearest tenth if necessary.",
  "annotat_text": "Find the perimeter of the figure. Round to the nearest tenth if necessary.",
  "img_width": 232,
  "img_height": 203,
  "data_type": "train",
  "date": "Fri Sep 18 22:23:14 2020",
  "system": "linux"
}