{
  "problem_text": "Find the perimeter or circumference of the figure. Round to the nearest tenth.",
  "choices": [
    "12.6",
    "24",
    "25.1",
    "50.2"
  ],
  "answer": "C",
  "detailed_solution": " ",
  "problem_type_graph": [
    "Circle"
  ],
  "problem_type_goal": [
    "Length"
  ],
  "source": "textbook1_chapter_3.pdf",
  "comment": "",
  "id": 1121,
  "annot_id": "pan_2020-03-15_04_46_27",
  "is_standard": false,
  "unit": "in",
  "compact_choices": [
    "12.6",
    "24",
    "25.1",
    "50.2"
  ],
  "precise_value": [
    12.6,
    24.0,
    25.1,
    50.2
  ],
  "rough_value": [
    12.6,
    24,
    25.1,
    50.2
  ],
  "compact_text": "Find the perimeter or circumference of the figure. Round to the nearest tenth.",
  "annotat_text": "Find the perimeter or circumference of the figure. Round to the nearest tenth.",
  "img_width": 227,
  "img_height": 197,
  "data_type": "train",
  "date": "Fri Sep 18 22:23:14 2020",
  "system": "linux"
}