{
  "problem_text": "in \\triangle X Y Z, P is the centroid, K P = 3, and X J = 8. Find X K.",
  "choices": [
    "3",
    "6",
    "8",
    "9"
  ],
  "answer": "D",
  "detailed_solution": " ",
  "problem_type_graph": [
    "Triangle"
  ],
  "problem_type_goal": [
    "Length"
  ],
  "source": "textbook1_chapter_5.pdf",
  "comment": "",
  "id": 1190,
  "annot_id": "Shibiao_2020-03-22_07_37_16",
  "is_standard": false,
  "compact_choices": [
    "3",
    "6",
    "8",
    "9"
  ],
  "precise_value": [
    3.0,
    6.0,
    8.0,
    9.0
  ],
  "rough_value": [
    3,
    6,
    8,
    9
  ],
  "compact_text": "in \\triangle XYZ, P is the centroid, KP = 3, and XJ = 8. Find XK.",
  "annotat_text": "in $\\triangle XYZ$, $P$ is the centroid, $KP=3$, and $XJ=8$. Find $XK$.",
  "unit": "",
  "img_width": 680,
  "img_height": 421,
  "data_type": "train",
  "date": "Fri Sep 18 22:23:14 2020",
  "system": "linux"
}