{
  "problem_text": "Find x.",
  "choices": [
    "8",
    "8 \\sqrt { 3 }",
    "16",
    "16 \\sqrt { 3 }"
  ],
  "answer": "B",
  "detailed_solution": " ",
  "problem_type_graph": [
    "Triangle"
  ],
  "problem_type_goal": [
    "Length"
  ],
  "source": "textbook2_chapter7.pdf page 21",
  "comment": "",
  "id": 1111,
  "annot_id": "Ran_2020-03-22_04_18_07",
  "is_standard": false,
  "compact_choices": [
    "8",
    "8\\sqrt{3}",
    "16",
    "16\\sqrt{3}"
  ],
  "precise_value": [
    8.0,
    13.856406460551018,
    16.0,
    27.712812921102035
  ],
  "rough_value": [
    8,
    13.86,
    16,
    27.71
  ],
  "compact_text": "Find x.",
  "annotat_text": "Find x",
  "unit": "",
  "img_width": 298,
  "img_height": 190,
  "data_type": "train",
  "date": "Fri Sep 18 22:23:14 2020",
  "system": "linux"
}