{
  "problem_text": "\\triangle J K L \\sim \\triangle W Y Z. Find y.",
  "choices": [
    "44",
    "56",
    "65",
    "71"
  ],
  "answer": "C",
  "detailed_solution": " ",
  "problem_type_graph": [
    "Triangle"
  ],
  "problem_type_goal": [
    "Angle"
  ],
  "source": "textbook1_chapter_7.pdf",
  "comment": "! two subgraph",
  "id": 1066,
  "annot_id": "Shibiao_2020-03-22_09_47_01",
  "is_standard": false,
  "compact_choices": [
    "44",
    "56",
    "65",
    "71"
  ],
  "precise_value": [
    44.0,
    56.0,
    65.0,
    71.0
  ],
  "rough_value": [
    44,
    56,
    65,
    71
  ],
  "compact_text": "\\triangle JKL \\sim \\triangle WYZ. Find y.",
  "annotat_text": "$\\triangle JKL \\sim \\triangle WYZ$. Find $y$.",
  "unit": "",
  "img_width": 1021,
  "img_height": 461,
  "data_type": "train",
  "date": "Fri Sep 18 22:23:14 2020",
  "system": "linux"
}