{
  "text_logic_form": [
    "Similar(Triangle(J,K,L),Triangle(W,Y,Z))",
    "Find(y)"
  ],
  "dissolved_text_logic_form": [
    "Similar(Triangle(J,K,L),Triangle(W,Y,Z))",
    "Find(y)"
  ],
  "diagram_logic_form": [
    "Equals(MeasureOf(Angle(K, J, L)), 4x-13)",
    "Equals(MeasureOf(Angle(W, Z, Y)), 44)",
    "Equals(MeasureOf(Angle(Y, W, Z)), 71)",
    "Equals(MeasureOf(Angle(J, K, L)), y)"
  ],
  "line_instances": [
    "JK",
    "JL",
    "KL",
    "WY",
    "ZW",
    "ZY"
  ],
  "point_positions": {
    "J": [
      -300.0,
      19.0
    ],
    "K": [
      -400.0,
      250.0
    ],
    "L": [
      -100.0,
      250.0
    ],
    "W": [
      353.0,
      2.0
    ],
    "Y": [
      372.0,
      292.0
    ],
    "Z": [
      2.0,
      147.0
    ]
  },
  "circle_instances": [
    ""
  ]
}