<annotation>
	<folder>geometry_annotation</folder>
	<filename>1034.png</filename>
	<source>
		<database>Unknown</database>
	</source>
	<size>
		<width>295</width>
		<height>255</height>
		<depth>3</depth>
	</size>
	<segmented>0</segmented>
	<object>
		<name>text</name>
		<pose>Unspecified</pose>
		<truncated>0</truncated>
		<difficult>0</difficult>
		<bndbox>
			<xmin>236</xmin>
			<ymin>108</ymin>
			<xmax>262</xmax>
			<ymax>141</ymax>
		</bndbox>
	</object>
</annotation>