<annotation>
	<folder>geometry_annotation</folder>
	<filename>1036.png</filename>
	<source>
		<database>Unknown</database>
	</source>
	<size>
		<width>298</width>
		<height>276</height>
		<depth>3</depth>
	</size>
	<segmented>0</segmented>
	<object>
		<name>text</name>
		<pose>Unspecified</pose>
		<truncated>0</truncated>
		<difficult>0</difficult>
		<bndbox>
			<xmin>56</xmin>
			<ymin>142</ymin>
			<xmax>120</xmax>
			<ymax>175</ymax>
		</bndbox>
	</object>
	<object>
		<name>text</name>
		<pose>Unspecified</pose>
		<truncated>0</truncated>
		<difficult>0</difficult>
		<bndbox>
			<xmin>156</xmin>
			<ymin>132</ymin>
			<xmax>191</xmax>
			<ymax>170</ymax>
		</bndbox>
	</object>
</annotation>