<annotation>
	<folder>geometry_annotation</folder>
	<filename>105.png</filename>
	<source>
		<database>Unknown</database>
	</source>
	<size>
		<width>313</width>
		<height>151</height>
		<depth>3</depth>
	</size>
	<segmented>0</segmented>
	<object>
		<name>text</name>
		<pose>Unspecified</pose>
		<truncated>0</truncated>
		<difficult>0</difficult>
		<bndbox>
			<xmin>161</xmin>
			<ymin>37</ymin>
			<xmax>179</xmax>
			<ymax>62</ymax>
		</bndbox>
	</object>
	<object>
		<name>text</name>
		<pose>Unspecified</pose>
		<truncated>0</truncated>
		<difficult>0</difficult>
		<bndbox>
			<xmin>166</xmin>
			<ymin>88</ymin>
			<xmax>208</xmax>
			<ymax>118</ymax>
		</bndbox>
	</object>
	<object>
		<name>text</name>
		<pose>Unspecified</pose>
		<truncated>0</truncated>
		<difficult>0</difficult>
		<bndbox>
			<xmin>121</xmin>
			<ymin>125</ymin>
			<xmax>145</xmax>
			<ymax>143</ymax>
		</bndbox>
	</object>
	<object>
		<name>text</name>
		<pose>Unspecified</pose>
		<truncated>0</truncated>
		<difficult>0</difficult>
		<bndbox>
			<xmin>30</xmin>
			<ymin>48</ymin>
			<xmax>44</xmax>
			<ymax>73</ymax>
		</bndbox>
	</object>
	<object>
		<name>perpendicular</name>
		<pose>Unspecified</pose>
		<truncated>0</truncated>
		<difficult>0</difficult>
		<bndbox>
			<xmin>66</xmin>
			<ymin>13</ymin>
			<xmax>100</xmax>
			<ymax>43</ymax>
		</bndbox>
	</object>
</annotation>