<annotation>
	<folder>geometry_annotation</folder>
	<filename>1050.png</filename>
	<source>
		<database>Unknown</database>
	</source>
	<size>
		<width>444</width>
		<height>189</height>
		<depth>3</depth>
	</size>
	<segmented>0</segmented>
	<object>
		<name>text</name>
		<pose>Unspecified</pose>
		<truncated>0</truncated>
		<difficult>0</difficult>
		<bndbox>
			<xmin>236</xmin>
			<ymin>112</ymin>
			<xmax>274</xmax>
			<ymax>151</ymax>
		</bndbox>
	</object>
	<object>
		<name>text</name>
		<pose>Unspecified</pose>
		<truncated>0</truncated>
		<difficult>0</difficult>
		<bndbox>
			<xmin>153</xmin>
			<ymin>115</ymin>
			<xmax>202</xmax>
			<ymax>155</ymax>
		</bndbox>
	</object>
</annotation>