<annotation>
	<folder>geometry_annotation</folder>
	<filename>1055.png</filename>
	<source>
		<database>Unknown</database>
	</source>
	<size>
		<width>959</width>
		<height>495</height>
		<depth>3</depth>
	</size>
	<segmented>0</segmented>
	<object>
		<name>text</name>
		<pose>Unspecified</pose>
		<truncated>0</truncated>
		<difficult>0</difficult>
		<bndbox>
			<xmin>593</xmin>
			<ymin>25</ymin>
			<xmax>681</xmax>
			<ymax>72</ymax>
		</bndbox>
	</object>
	<object>
		<name>text</name>
		<pose>Unspecified</pose>
		<truncated>0</truncated>
		<difficult>0</difficult>
		<bndbox>
			<xmin>155</xmin>
			<ymin>48</ymin>
			<xmax>226</xmax>
			<ymax>96</ymax>
		</bndbox>
	</object>
	<object>
		<name>text</name>
		<pose>Unspecified</pose>
		<truncated>0</truncated>
		<difficult>0</difficult>
		<bndbox>
			<xmin>200</xmin>
			<ymin>151</ymin>
			<xmax>316</xmax>
			<ymax>202</ymax>
		</bndbox>
	</object>
	<object>
		<name>text</name>
		<pose>Unspecified</pose>
		<truncated>0</truncated>
		<difficult>0</difficult>
		<bndbox>
			<xmin>676</xmin>
			<ymin>311</ymin>
			<xmax>800</xmax>
			<ymax>356</ymax>
		</bndbox>
	</object>
</annotation>