<annotation>
	<folder>geometry_annotation</folder>
	<filename>1074.png</filename>
	<source>
		<database>Unknown</database>
	</source>
	<size>
		<width>272</width>
		<height>256</height>
		<depth>3</depth>
	</size>
	<segmented>0</segmented>
	<object>
		<name>text</name>
		<pose>Unspecified</pose>
		<truncated>0</truncated>
		<difficult>0</difficult>
		<bndbox>
			<xmin>93</xmin>
			<ymin>92</ymin>
			<xmax>137</xmax>
			<ymax>120</ymax>
		</bndbox>
	</object>
	<object>
		<name>arrow</name>
		<pose>Unspecified</pose>
		<truncated>0</truncated>
		<difficult>0</difficult>
		<bndbox>
			<xmin>138</xmin>
			<ymin>97</ymin>
			<xmax>177</xmax>
			<ymax>116</ymax>
		</bndbox>
	</object>
	<object>
		<name>head</name>
		<pose>Unspecified</pose>
		<truncated>0</truncated>
		<difficult>0</difficult>
		<bndbox>
			<xmin>153</xmin>
			<ymin>99</ymin>
			<xmax>176</xmax>
			<ymax>115</ymax>
		</bndbox>
	</object>
	<object>
		<name>tail</name>
		<pose>Unspecified</pose>
		<truncated>0</truncated>
		<difficult>0</difficult>
		<bndbox>
			<xmin>139</xmin>
			<ymin>99</ymin>
			<xmax>150</xmax>
			<ymax>108</ymax>
		</bndbox>
	</object>
</annotation>