<annotation>
	<folder>geometry_annotation</folder>
	<filename>1087.png</filename>
	<source>
		<database>Unknown</database>
	</source>
	<size>
		<width>344</width>
		<height>272</height>
		<depth>3</depth>
	</size>
	<segmented>0</segmented>
	<object>
		<name>text</name>
		<pose>Unspecified</pose>
		<truncated>0</truncated>
		<difficult>0</difficult>
		<bndbox>
			<xmin>268</xmin>
			<ymin>110</ymin>
			<xmax>302</xmax>
			<ymax>145</ymax>
		</bndbox>
	</object>
</annotation>