<annotation>
	<folder>geometry_annotation</folder>
	<filename>1114.png</filename>
	<source>
		<database>Unknown</database>
	</source>
	<size>
		<width>460</width>
		<height>255</height>
		<depth>3</depth>
	</size>
	<segmented>0</segmented>
	<object>
		<name>text</name>
		<pose>Unspecified</pose>
		<truncated>0</truncated>
		<difficult>0</difficult>
		<bndbox>
			<xmin>417</xmin>
			<ymin>17</ymin>
			<xmax>449</xmax>
			<ymax>44</ymax>
		</bndbox>
	</object>
	<object>
		<name>text</name>
		<pose>Unspecified</pose>
		<truncated>0</truncated>
		<difficult>0</difficult>
		<bndbox>
			<xmin>226</xmin>
			<ymin>71</ymin>
			<xmax>247</xmax>
			<ymax>102</ymax>
		</bndbox>
	</object>
	<object>
		<name>text</name>
		<pose>Unspecified</pose>
		<truncated>0</truncated>
		<difficult>0</difficult>
		<bndbox>
			<xmin>120</xmin>
			<ymin>15</ymin>
			<xmax>144</xmax>
			<ymax>42</ymax>
		</bndbox>
	</object>
	<object>
		<name>text</name>
		<pose>Unspecified</pose>
		<truncated>0</truncated>
		<difficult>0</difficult>
		<bndbox>
			<xmin>22</xmin>
			<ymin>176</ymin>
			<xmax>47</xmax>
			<ymax>210</ymax>
		</bndbox>
	</object>
	<object>
		<name>text</name>
		<pose>Unspecified</pose>
		<truncated>0</truncated>
		<difficult>0</difficult>
		<bndbox>
			<xmin>329</xmin>
			<ymin>176</ymin>
			<xmax>350</xmax>
			<ymax>202</ymax>
		</bndbox>
	</object>
</annotation>