<annotation>
	<folder>geometry_annotation</folder>
	<filename>1121.png</filename>
	<source>
		<database>Unknown</database>
	</source>
	<size>
		<width>227</width>
		<height>197</height>
		<depth>3</depth>
	</size>
	<segmented>0</segmented>
	<object>
		<name>text</name>
		<pose>Unspecified</pose>
		<truncated>0</truncated>
		<difficult>0</difficult>
		<bndbox>
			<xmin>124</xmin>
			<ymin>79</ymin>
			<xmax>179</xmax>
			<ymax>110</ymax>
		</bndbox>
	</object>
</annotation>