<annotation>
	<folder>geometry_annotation</folder>
	<filename>1145.png</filename>
	<source>
		<database>Unknown</database>
	</source>
	<size>
		<width>297</width>
		<height>194</height>
		<depth>3</depth>
	</size>
	<segmented>0</segmented>
	<object>
		<name>text</name>
		<pose>Unspecified</pose>
		<truncated>0</truncated>
		<difficult>0</difficult>
		<bndbox>
			<xmin>121</xmin>
			<ymin>11</ymin>
			<xmax>157</xmax>
			<ymax>47</ymax>
		</bndbox>
	</object>
	<object>
		<name>text</name>
		<pose>Unspecified</pose>
		<truncated>0</truncated>
		<difficult>0</difficult>
		<bndbox>
			<xmin>209</xmin>
			<ymin>115</ymin>
			<xmax>232</xmax>
			<ymax>142</ymax>
		</bndbox>
	</object>
	<object>
		<name>text</name>
		<pose>Unspecified</pose>
		<truncated>0</truncated>
		<difficult>0</difficult>
		<bndbox>
			<xmin>51</xmin>
			<ymin>56</ymin>
			<xmax>95</xmax>
			<ymax>91</ymax>
		</bndbox>
	</object>
	<object>
		<name>perpendicular</name>
		<pose>Unspecified</pose>
		<truncated>0</truncated>
		<difficult>0</difficult>
		<bndbox>
			<xmin>122</xmin>
			<ymin>144</ymin>
			<xmax>166</xmax>
			<ymax>184</ymax>
		</bndbox>
	</object>
</annotation>