<annotation>
	<folder>geometry_annotation</folder>
	<filename>1150.png</filename>
	<source>
		<database>Unknown</database>
	</source>
	<size>
		<width>280</width>
		<height>215</height>
		<depth>3</depth>
	</size>
	<segmented>0</segmented>
	<object>
		<name>text</name>
		<pose>Unspecified</pose>
		<truncated>0</truncated>
		<difficult>0</difficult>
		<bndbox>
			<xmin>61</xmin>
			<ymin>74</ymin>
			<xmax>105</xmax>
			<ymax>111</ymax>
		</bndbox>
	</object>
	<object>
		<name>text</name>
		<pose>Unspecified</pose>
		<truncated>0</truncated>
		<difficult>0</difficult>
		<bndbox>
			<xmin>109</xmin>
			<ymin>128</ymin>
			<xmax>151</xmax>
			<ymax>165</ymax>
		</bndbox>
	</object>
</annotation>