<annotation>
	<folder>geometry_annotation</folder>
	<filename>1151.png</filename>
	<source>
		<database>Unknown</database>
	</source>
	<size>
		<width>214</width>
		<height>244</height>
		<depth>3</depth>
	</size>
	<segmented>0</segmented>
	<object>
		<name>text</name>
		<pose>Unspecified</pose>
		<truncated>0</truncated>
		<difficult>0</difficult>
		<bndbox>
			<xmin>110</xmin>
			<ymin>65</ymin>
			<xmax>138</xmax>
			<ymax>94</ymax>
		</bndbox>
	</object>
	<object>
		<name>text</name>
		<pose>Unspecified</pose>
		<truncated>0</truncated>
		<difficult>0</difficult>
		<bndbox>
			<xmin>122</xmin>
			<ymin>149</ymin>
			<xmax>160</xmax>
			<ymax>175</ymax>
		</bndbox>
	</object>
	<object>
		<name>text</name>
		<pose>Unspecified</pose>
		<truncated>0</truncated>
		<difficult>0</difficult>
		<bndbox>
			<xmin>98</xmin>
			<ymin>183</ymin>
			<xmax>119</xmax>
			<ymax>212</ymax>
		</bndbox>
	</object>
	<object>
		<name>text</name>
		<pose>Unspecified</pose>
		<truncated>0</truncated>
		<difficult>0</difficult>
		<bndbox>
			<xmin>10</xmin>
			<ymin>90</ymin>
			<xmax>31</xmax>
			<ymax>114</ymax>
		</bndbox>
	</object>
	<object>
		<name>perpendicular</name>
		<pose>Unspecified</pose>
		<truncated>0</truncated>
		<difficult>0</difficult>
		<bndbox>
			<xmin>28</xmin>
			<ymin>155</ymin>
			<xmax>62</xmax>
			<ymax>186</ymax>
		</bndbox>
	</object>
</annotation>