<annotation>
	<folder>geometry_annotation</folder>
	<filename>1157.png</filename>
	<source>
		<database>Unknown</database>
	</source>
	<size>
		<width>559</width>
		<height>385</height>
		<depth>3</depth>
	</size>
	<segmented>0</segmented>
	<object>
		<name>text</name>
		<pose>Unspecified</pose>
		<truncated>0</truncated>
		<difficult>0</difficult>
		<bndbox>
			<xmin>316</xmin>
			<ymin>30</ymin>
			<xmax>349</xmax>
			<ymax>68</ymax>
		</bndbox>
	</object>
	<object>
		<name>text</name>
		<pose>Unspecified</pose>
		<truncated>0</truncated>
		<difficult>0</difficult>
		<bndbox>
			<xmin>185</xmin>
			<ymin>147</ymin>
			<xmax>219</xmax>
			<ymax>189</ymax>
		</bndbox>
	</object>
	<object>
		<name>text</name>
		<pose>Unspecified</pose>
		<truncated>0</truncated>
		<difficult>0</difficult>
		<bndbox>
			<xmin>63</xmin>
			<ymin>315</ymin>
			<xmax>102</xmax>
			<ymax>352</ymax>
		</bndbox>
	</object>
	<object>
		<name>text</name>
		<pose>Unspecified</pose>
		<truncated>0</truncated>
		<difficult>0</difficult>
		<bndbox>
			<xmin>465</xmin>
			<ymin>315</ymin>
			<xmax>503</xmax>
			<ymax>355</ymax>
		</bndbox>
	</object>
	<object>
		<name>text</name>
		<pose>Unspecified</pose>
		<truncated>0</truncated>
		<difficult>0</difficult>
		<bndbox>
			<xmin>403</xmin>
			<ymin>148</ymin>
			<xmax>436</xmax>
			<ymax>188</ymax>
		</bndbox>
	</object>
</annotation>