<annotation>
	<folder>geometry_annotation</folder>
	<filename>1161.png</filename>
	<source>
		<database>Unknown</database>
	</source>
	<size>
		<width>237</width>
		<height>165</height>
		<depth>3</depth>
	</size>
	<segmented>0</segmented>
	<object>
		<name>perpendicular</name>
		<pose>Unspecified</pose>
		<truncated>0</truncated>
		<difficult>0</difficult>
		<bndbox>
			<xmin>58</xmin>
			<ymin>109</ymin>
			<xmax>84</xmax>
			<ymax>132</ymax>
		</bndbox>
	</object>
	<object>
		<name>text</name>
		<pose>Unspecified</pose>
		<truncated>0</truncated>
		<difficult>0</difficult>
		<bndbox>
			<xmin>9</xmin>
			<ymin>63</ymin>
			<xmax>54</xmax>
			<ymax>83</ymax>
		</bndbox>
	</object>
	<object>
		<name>text</name>
		<pose>Unspecified</pose>
		<truncated>0</truncated>
		<difficult>0</difficult>
		<bndbox>
			<xmin>106</xmin>
			<ymin>131</ymin>
			<xmax>149</xmax>
			<ymax>154</ymax>
		</bndbox>
	</object>
</annotation>