<annotation>
	<folder>geometry_annotation</folder>
	<filename>1163.png</filename>
	<source>
		<database>Unknown</database>
	</source>
	<size>
		<width>300</width>
		<height>267</height>
		<depth>3</depth>
	</size>
	<segmented>0</segmented>
	<object>
		<name>text</name>
		<pose>Unspecified</pose>
		<truncated>0</truncated>
		<difficult>0</difficult>
		<bndbox>
			<xmin>83</xmin>
			<ymin>98</ymin>
			<xmax>146</xmax>
			<ymax>137</ymax>
		</bndbox>
	</object>
</annotation>