<annotation>
	<folder>geometry_annotation</folder>
	<filename>1164.png</filename>
	<source>
		<database>Unknown</database>
	</source>
	<size>
		<width>446</width>
		<height>347</height>
		<depth>3</depth>
	</size>
	<segmented>0</segmented>
	<object>
		<name>text</name>
		<pose>Unspecified</pose>
		<truncated>0</truncated>
		<difficult>0</difficult>
		<bndbox>
			<xmin>98</xmin>
			<ymin>13</ymin>
			<xmax>222</xmax>
			<ymax>55</ymax>
		</bndbox>
	</object>
	<object>
		<name>text</name>
		<pose>Unspecified</pose>
		<truncated>0</truncated>
		<difficult>0</difficult>
		<bndbox>
			<xmin>293</xmin>
			<ymin>127</ymin>
			<xmax>416</xmax>
			<ymax>171</ymax>
		</bndbox>
	</object>
	<object>
		<name>text</name>
		<pose>Unspecified</pose>
		<truncated>0</truncated>
		<difficult>0</difficult>
		<bndbox>
			<xmin>121</xmin>
			<ymin>234</ymin>
			<xmax>264</xmax>
			<ymax>308</ymax>
		</bndbox>
	</object>
	<object>
		<name>text</name>
		<pose>Unspecified</pose>
		<truncated>0</truncated>
		<difficult>0</difficult>
		<bndbox>
			<xmin>26</xmin>
			<ymin>125</ymin>
			<xmax>69</xmax>
			<ymax>163</ymax>
		</bndbox>
	</object>
</annotation>