<annotation>
	<folder>geometry_annotation</folder>
	<filename>1171.png</filename>
	<source>
		<database>Unknown</database>
	</source>
	<size>
		<width>834</width>
		<height>299</height>
		<depth>3</depth>
	</size>
	<segmented>0</segmented>
	<object>
		<name>text</name>
		<pose>Unspecified</pose>
		<truncated>0</truncated>
		<difficult>0</difficult>
		<bndbox>
			<xmin>310</xmin>
			<ymin>2</ymin>
			<xmax>353</xmax>
			<ymax>40</ymax>
		</bndbox>
	</object>
	<object>
		<name>text</name>
		<pose>Unspecified</pose>
		<truncated>0</truncated>
		<difficult>0</difficult>
		<bndbox>
			<xmin>447</xmin>
			<ymin>7</ymin>
			<xmax>479</xmax>
			<ymax>44</ymax>
		</bndbox>
	</object>
	<object>
		<name>text</name>
		<pose>Unspecified</pose>
		<truncated>0</truncated>
		<difficult>0</difficult>
		<bndbox>
			<xmin>593</xmin>
			<ymin>79</ymin>
			<xmax>629</xmax>
			<ymax>126</ymax>
		</bndbox>
	</object>
	<object>
		<name>text</name>
		<pose>Unspecified</pose>
		<truncated>0</truncated>
		<difficult>0</difficult>
		<bndbox>
			<xmin>661</xmin>
			<ymin>179</ymin>
			<xmax>709</xmax>
			<ymax>227</ymax>
		</bndbox>
	</object>
	<object>
		<name>text</name>
		<pose>Unspecified</pose>
		<truncated>0</truncated>
		<difficult>0</difficult>
		<bndbox>
			<xmin>774</xmin>
			<ymin>201</ymin>
			<xmax>805</xmax>
			<ymax>243</ymax>
		</bndbox>
	</object>
	<object>
		<name>text</name>
		<pose>Unspecified</pose>
		<truncated>0</truncated>
		<difficult>0</difficult>
		<bndbox>
			<xmin>179</xmin>
			<ymin>8</ymin>
			<xmax>218</xmax>
			<ymax>49</ymax>
		</bndbox>
	</object>
	<object>
		<name>text</name>
		<pose>Unspecified</pose>
		<truncated>0</truncated>
		<difficult>0</difficult>
		<bndbox>
			<xmin>70</xmin>
			<ymin>179</ymin>
			<xmax>123</xmax>
			<ymax>221</ymax>
		</bndbox>
	</object>
	<object>
		<name>text</name>
		<pose>Unspecified</pose>
		<truncated>0</truncated>
		<difficult>0</difficult>
		<bndbox>
			<xmin>6</xmin>
			<ymin>197</ymin>
			<xmax>41</xmax>
			<ymax>247</ymax>
		</bndbox>
	</object>
	<object>
		<name>text</name>
		<pose>Unspecified</pose>
		<truncated>0</truncated>
		<difficult>0</difficult>
		<bndbox>
			<xmin>307</xmin>
			<ymin>242</ymin>
			<xmax>344</xmax>
			<ymax>278</ymax>
		</bndbox>
	</object>
	<object>
		<name>text</name>
		<pose>Unspecified</pose>
		<truncated>0</truncated>
		<difficult>0</difficult>
		<bndbox>
			<xmin>430</xmin>
			<ymin>110</ymin>
			<xmax>464</xmax>
			<ymax>149</ymax>
		</bndbox>
	</object>
	<object>
		<name>text</name>
		<pose>Unspecified</pose>
		<truncated>0</truncated>
		<difficult>0</difficult>
		<bndbox>
			<xmin>575</xmin>
			<ymin>239</ymin>
			<xmax>621</xmax>
			<ymax>279</ymax>
		</bndbox>
	</object>
	<object>
		<name>parallel</name>
		<pose>Unspecified</pose>
		<truncated>0</truncated>
		<difficult>0</difficult>
		<bndbox>
			<xmin>312</xmin>
			<ymin>25</ymin>
			<xmax>360</xmax>
			<ymax>62</ymax>
		</bndbox>
	</object>
	<object>
		<name>parallel</name>
		<pose>Unspecified</pose>
		<truncated>0</truncated>
		<difficult>0</difficult>
		<bndbox>
			<xmin>311</xmin>
			<ymin>201</ymin>
			<xmax>356</xmax>
			<ymax>241</ymax>
		</bndbox>
	</object>
	<object>
		<name>perpendicular</name>
		<pose>Unspecified</pose>
		<truncated>0</truncated>
		<difficult>0</difficult>
		<bndbox>
			<xmin>457</xmin>
			<ymin>192</ymin>
			<xmax>492</xmax>
			<ymax>237</ymax>
		</bndbox>
	</object>
	<object>
		<name>perpendicular</name>
		<pose>Unspecified</pose>
		<truncated>0</truncated>
		<difficult>0</difficult>
		<bndbox>
			<xmin>171</xmin>
			<ymin>193</ymin>
			<xmax>214</xmax>
			<ymax>234</ymax>
		</bndbox>
	</object>
</annotation>