<annotation>
	<folder>geometry_annotation</folder>
	<filename>1176.png</filename>
	<source>
		<database>Unknown</database>
	</source>
	<size>
		<width>376</width>
		<height>155</height>
		<depth>3</depth>
	</size>
	<segmented>0</segmented>
	<object>
		<name>text</name>
		<pose>Unspecified</pose>
		<truncated>0</truncated>
		<difficult>0</difficult>
		<bndbox>
			<xmin>159</xmin>
			<ymin>32</ymin>
			<xmax>199</xmax>
			<ymax>67</ymax>
		</bndbox>
	</object>
	<object>
		<name>text</name>
		<pose>Unspecified</pose>
		<truncated>0</truncated>
		<difficult>0</difficult>
		<bndbox>
			<xmin>244</xmin>
			<ymin>66</ymin>
			<xmax>285</xmax>
			<ymax>102</ymax>
		</bndbox>
	</object>
</annotation>