<annotation>
	<folder>geometry_annotation</folder>
	<filename>1192.png</filename>
	<source>
		<database>Unknown</database>
	</source>
	<size>
		<width>552</width>
		<height>239</height>
		<depth>3</depth>
	</size>
	<segmented>0</segmented>
	<object>
		<name>text</name>
		<pose>Unspecified</pose>
		<truncated>0</truncated>
		<difficult>0</difficult>
		<bndbox>
			<xmin>6</xmin>
			<ymin>48</ymin>
			<xmax>47</xmax>
			<ymax>87</ymax>
		</bndbox>
	</object>
	<object>
		<name>text</name>
		<pose>Unspecified</pose>
		<truncated>0</truncated>
		<difficult>0</difficult>
		<bndbox>
			<xmin>102</xmin>
			<ymin>183</ymin>
			<xmax>162</xmax>
			<ymax>225</ymax>
		</bndbox>
	</object>
	<object>
		<name>text</name>
		<pose>Unspecified</pose>
		<truncated>0</truncated>
		<difficult>0</difficult>
		<bndbox>
			<xmin>329</xmin>
			<ymin>185</ymin>
			<xmax>405</xmax>
			<ymax>221</ymax>
		</bndbox>
	</object>
	<object>
		<name>perpendicular</name>
		<pose>Unspecified</pose>
		<truncated>0</truncated>
		<difficult>0</difficult>
		<bndbox>
			<xmin>62</xmin>
			<ymin>160</ymin>
			<xmax>101</xmax>
			<ymax>193</ymax>
		</bndbox>
	</object>
	<object>
		<name>arrow</name>
		<pose>Unspecified</pose>
		<truncated>0</truncated>
		<difficult>0</difficult>
		<bndbox>
			<xmin>40</xmin>
			<ymin>48</ymin>
			<xmax>93</xmax>
			<ymax>82</ymax>
		</bndbox>
	</object>
</annotation>