<annotation>
	<folder>geometry_annotation</folder>
	<filename>1198.png</filename>
	<source>
		<database>Unknown</database>
	</source>
	<size>
		<width>397</width>
		<height>261</height>
		<depth>3</depth>
	</size>
	<segmented>0</segmented>
	<object>
		<name>parallel</name>
		<pose>Unspecified</pose>
		<truncated>0</truncated>
		<difficult>0</difficult>
		<bndbox>
			<xmin>134</xmin>
			<ymin>126</ymin>
			<xmax>163</xmax>
			<ymax>156</ymax>
		</bndbox>
	</object>
	<object>
		<name>parallel</name>
		<pose>Unspecified</pose>
		<truncated>0</truncated>
		<difficult>0</difficult>
		<bndbox>
			<xmin>263</xmin>
			<ymin>132</ymin>
			<xmax>289</xmax>
			<ymax>159</ymax>
		</bndbox>
	</object>
	<object>
		<name>text</name>
		<pose>Unspecified</pose>
		<truncated>0</truncated>
		<difficult>0</difficult>
		<bndbox>
			<xmin>67</xmin>
			<ymin>15</ymin>
			<xmax>95</xmax>
			<ymax>41</ymax>
		</bndbox>
	</object>
	<object>
		<name>text</name>
		<pose>Unspecified</pose>
		<truncated>0</truncated>
		<difficult>0</difficult>
		<bndbox>
			<xmin>243</xmin>
			<ymin>84</ymin>
			<xmax>267</xmax>
			<ymax>112</ymax>
		</bndbox>
	</object>
	<object>
		<name>text</name>
		<pose>Unspecified</pose>
		<truncated>0</truncated>
		<difficult>0</difficult>
		<bndbox>
			<xmin>327</xmin>
			<ymin>132</ymin>
			<xmax>349</xmax>
			<ymax>158</ymax>
		</bndbox>
	</object>
	<object>
		<name>text</name>
		<pose>Unspecified</pose>
		<truncated>0</truncated>
		<difficult>0</difficult>
		<bndbox>
			<xmin>287</xmin>
			<ymin>165</ymin>
			<xmax>309</xmax>
			<ymax>190</ymax>
		</bndbox>
	</object>
	<object>
		<name>text</name>
		<pose>Unspecified</pose>
		<truncated>0</truncated>
		<difficult>0</difficult>
		<bndbox>
			<xmin>189</xmin>
			<ymin>213</ymin>
			<xmax>211</xmax>
			<ymax>238</ymax>
		</bndbox>
	</object>
</annotation>