<annotation>
	<folder>geometry_annotation</folder>
	<filename>1237.png</filename>
	<source>
		<database>Unknown</database>
	</source>
	<size>
		<width>334</width>
		<height>243</height>
		<depth>3</depth>
	</size>
	<segmented>0</segmented>
	<object>
		<name>text</name>
		<pose>Unspecified</pose>
		<truncated>0</truncated>
		<difficult>0</difficult>
		<bndbox>
			<xmin>113</xmin>
			<ymin>21</ymin>
			<xmax>143</xmax>
			<ymax>49</ymax>
		</bndbox>
	</object>
	<object>
		<name>text</name>
		<pose>Unspecified</pose>
		<truncated>0</truncated>
		<difficult>0</difficult>
		<bndbox>
			<xmin>43</xmin>
			<ymin>203</ymin>
			<xmax>65</xmax>
			<ymax>228</ymax>
		</bndbox>
	</object>
	<object>
		<name>text</name>
		<pose>Unspecified</pose>
		<truncated>0</truncated>
		<difficult>0</difficult>
		<bndbox>
			<xmin>134</xmin>
			<ymin>211</ymin>
			<xmax>161</xmax>
			<ymax>236</ymax>
		</bndbox>
	</object>
	<object>
		<name>text</name>
		<pose>Unspecified</pose>
		<truncated>0</truncated>
		<difficult>0</difficult>
		<bndbox>
			<xmin>230</xmin>
			<ymin>202</ymin>
			<xmax>257</xmax>
			<ymax>227</ymax>
		</bndbox>
	</object>
</annotation>