<annotation>
	<folder>geometry_annotation</folder>
	<filename>1246.png</filename>
	<source>
		<database>Unknown</database>
	</source>
	<size>
		<width>349</width>
		<height>300</height>
		<depth>3</depth>
	</size>
	<segmented>0</segmented>
	<object>
		<name>text</name>
		<pose>Unspecified</pose>
		<truncated>0</truncated>
		<difficult>0</difficult>
		<bndbox>
			<xmin>142</xmin>
			<ymin>18</ymin>
			<xmax>183</xmax>
			<ymax>47</ymax>
		</bndbox>
	</object>
	<object>
		<name>text</name>
		<pose>Unspecified</pose>
		<truncated>0</truncated>
		<difficult>0</difficult>
		<bndbox>
			<xmin>208</xmin>
			<ymin>6</ymin>
			<xmax>239</xmax>
			<ymax>38</ymax>
		</bndbox>
	</object>
	<object>
		<name>text</name>
		<pose>Unspecified</pose>
		<truncated>0</truncated>
		<difficult>0</difficult>
		<bndbox>
			<xmin>2</xmin>
			<ymin>169</ymin>
			<xmax>142</xmax>
			<ymax>208</ymax>
		</bndbox>
	</object>
	<object>
		<name>text</name>
		<pose>Unspecified</pose>
		<truncated>0</truncated>
		<difficult>0</difficult>
		<bndbox>
			<xmin>214</xmin>
			<ymin>152</ymin>
			<xmax>281</xmax>
			<ymax>192</ymax>
		</bndbox>
	</object>
</annotation>