<annotation>
	<folder>geometry_annotation</folder>
	<filename>1249.png</filename>
	<source>
		<database>Unknown</database>
	</source>
	<size>
		<width>237</width>
		<height>148</height>
		<depth>3</depth>
	</size>
	<segmented>0</segmented>
	<object>
		<name>perpendicular</name>
		<pose>Unspecified</pose>
		<truncated>0</truncated>
		<difficult>0</difficult>
		<bndbox>
			<xmin>132</xmin>
			<ymin>17</ymin>
			<xmax>159</xmax>
			<ymax>46</ymax>
		</bndbox>
	</object>
	<object>
		<name>text</name>
		<pose>Unspecified</pose>
		<truncated>0</truncated>
		<difficult>0</difficult>
		<bndbox>
			<xmin>174</xmin>
			<ymin>37</ymin>
			<xmax>193</xmax>
			<ymax>60</ymax>
		</bndbox>
	</object>
	<object>
		<name>text</name>
		<pose>Unspecified</pose>
		<truncated>0</truncated>
		<difficult>0</difficult>
		<bndbox>
			<xmin>90</xmin>
			<ymin>108</ymin>
			<xmax>116</xmax>
			<ymax>130</ymax>
		</bndbox>
	</object>
	<object>
		<name>text</name>
		<pose>Unspecified</pose>
		<truncated>0</truncated>
		<difficult>0</difficult>
		<bndbox>
			<xmin>147</xmin>
			<ymin>79</ymin>
			<xmax>182</xmax>
			<ymax>106</ymax>
		</bndbox>
	</object>
</annotation>