<annotation>
	<folder>geometry_annotation</folder>
	<filename>125.png</filename>
	<source>
		<database>Unknown</database>
	</source>
	<size>
		<width>686</width>
		<height>416</height>
		<depth>3</depth>
	</size>
	<segmented>0</segmented>
	<object>
		<name>text</name>
		<pose>Unspecified</pose>
		<truncated>0</truncated>
		<difficult>0</difficult>
		<bndbox>
			<xmin>324</xmin>
			<ymin>39</ymin>
			<xmax>372</xmax>
			<ymax>92</ymax>
		</bndbox>
	</object>
	<object>
		<name>text</name>
		<pose>Unspecified</pose>
		<truncated>0</truncated>
		<difficult>0</difficult>
		<bndbox>
			<xmin>480</xmin>
			<ymin>176</ymin>
			<xmax>536</xmax>
			<ymax>225</ymax>
		</bndbox>
	</object>
	<object>
		<name>text</name>
		<pose>Unspecified</pose>
		<truncated>0</truncated>
		<difficult>0</difficult>
		<bndbox>
			<xmin>573</xmin>
			<ymin>323</ymin>
			<xmax>622</xmax>
			<ymax>381</ymax>
		</bndbox>
	</object>
	<object>
		<name>text</name>
		<pose>Unspecified</pose>
		<truncated>0</truncated>
		<difficult>0</difficult>
		<bndbox>
			<xmin>155</xmin>
			<ymin>266</ymin>
			<xmax>230</xmax>
			<ymax>321</ymax>
		</bndbox>
	</object>
	<object>
		<name>text</name>
		<pose>Unspecified</pose>
		<truncated>0</truncated>
		<difficult>0</difficult>
		<bndbox>
			<xmin>64</xmin>
			<ymin>329</ymin>
			<xmax>109</xmax>
			<ymax>380</ymax>
		</bndbox>
	</object>
	<object>
		<name>double bar</name>
		<pose>Unspecified</pose>
		<truncated>0</truncated>
		<difficult>0</difficult>
		<bndbox>
			<xmin>197</xmin>
			<ymin>183</ymin>
			<xmax>255</xmax>
			<ymax>240</ymax>
		</bndbox>
	</object>
	<object>
		<name>double bar</name>
		<pose>Unspecified</pose>
		<truncated>0</truncated>
		<difficult>0</difficult>
		<bndbox>
			<xmin>432</xmin>
			<ymin>184</ymin>
			<xmax>491</xmax>
			<ymax>240</ymax>
		</bndbox>
	</object>
</annotation>