<annotation>
	<folder>geometry_annotation</folder>
	<filename>1258.png</filename>
	<source>
		<database>Unknown</database>
	</source>
	<size>
		<width>572</width>
		<height>351</height>
		<depth>3</depth>
	</size>
	<segmented>0</segmented>
	<object>
		<name>text</name>
		<pose>Unspecified</pose>
		<truncated>0</truncated>
		<difficult>0</difficult>
		<bndbox>
			<xmin>389</xmin>
			<ymin>145</ymin>
			<xmax>436</xmax>
			<ymax>182</ymax>
		</bndbox>
	</object>
	<object>
		<name>text</name>
		<pose>Unspecified</pose>
		<truncated>0</truncated>
		<difficult>0</difficult>
		<bndbox>
			<xmin>238</xmin>
			<ymin>91</ymin>
			<xmax>295</xmax>
			<ymax>132</ymax>
		</bndbox>
	</object>
	<object>
		<name>text</name>
		<pose>Unspecified</pose>
		<truncated>0</truncated>
		<difficult>0</difficult>
		<bndbox>
			<xmin>109</xmin>
			<ymin>145</ymin>
			<xmax>148</xmax>
			<ymax>184</ymax>
		</bndbox>
	</object>
</annotation>