<annotation>
	<folder>geometry_annotation</folder>
	<filename>1260.png</filename>
	<source>
		<database>Unknown</database>
	</source>
	<size>
		<width>250</width>
		<height>258</height>
		<depth>3</depth>
	</size>
	<segmented>0</segmented>
	<object>
		<name>text</name>
		<pose>Unspecified</pose>
		<truncated>0</truncated>
		<difficult>0</difficult>
		<bndbox>
			<xmin>59</xmin>
			<ymin>73</ymin>
			<xmax>75</xmax>
			<ymax>98</ymax>
		</bndbox>
	</object>
	<object>
		<name>text</name>
		<pose>Unspecified</pose>
		<truncated>0</truncated>
		<difficult>0</difficult>
		<bndbox>
			<xmin>94</xmin>
			<ymin>32</ymin>
			<xmax>113</xmax>
			<ymax>53</ymax>
		</bndbox>
	</object>
	<object>
		<name>text</name>
		<pose>Unspecified</pose>
		<truncated>0</truncated>
		<difficult>0</difficult>
		<bndbox>
			<xmin>163</xmin>
			<ymin>49</ymin>
			<xmax>185</xmax>
			<ymax>75</ymax>
		</bndbox>
	</object>
	<object>
		<name>text</name>
		<pose>Unspecified</pose>
		<truncated>0</truncated>
		<difficult>0</difficult>
		<bndbox>
			<xmin>148</xmin>
			<ymin>125</ymin>
			<xmax>167</xmax>
			<ymax>154</ymax>
		</bndbox>
	</object>
</annotation>