<annotation>
	<folder>geometry_annotation</folder>
	<filename>1268.png</filename>
	<source>
		<database>Unknown</database>
	</source>
	<size>
		<width>288</width>
		<height>235</height>
		<depth>3</depth>
	</size>
	<segmented>0</segmented>
	<object>
		<name>text</name>
		<pose>Unspecified</pose>
		<truncated>0</truncated>
		<difficult>0</difficult>
		<bndbox>
			<xmin>207</xmin>
			<ymin>103</ymin>
			<xmax>256</xmax>
			<ymax>128</ymax>
		</bndbox>
	</object>
	<object>
		<name>text</name>
		<pose>Unspecified</pose>
		<truncated>0</truncated>
		<difficult>0</difficult>
		<bndbox>
			<xmin>106</xmin>
			<ymin>178</ymin>
			<xmax>121</xmax>
			<ymax>200</ymax>
		</bndbox>
	</object>
</annotation>