<annotation>
	<folder>geometry_annotation</folder>
	<filename>1270.png</filename>
	<source>
		<database>Unknown</database>
	</source>
	<size>
		<width>268</width>
		<height>228</height>
		<depth>3</depth>
	</size>
	<segmented>0</segmented>
	<object>
		<name>text</name>
		<pose>Unspecified</pose>
		<truncated>0</truncated>
		<difficult>0</difficult>
		<bndbox>
			<xmin>72</xmin>
			<ymin>16</ymin>
			<xmax>95</xmax>
			<ymax>43</ymax>
		</bndbox>
	</object>
	<object>
		<name>text</name>
		<pose>Unspecified</pose>
		<truncated>0</truncated>
		<difficult>0</difficult>
		<bndbox>
			<xmin>15</xmin>
			<ymin>167</ymin>
			<xmax>43</xmax>
			<ymax>194</ymax>
		</bndbox>
	</object>
	<object>
		<name>text</name>
		<pose>Unspecified</pose>
		<truncated>0</truncated>
		<difficult>0</difficult>
		<bndbox>
			<xmin>181</xmin>
			<ymin>169</ymin>
			<xmax>199</xmax>
			<ymax>193</ymax>
		</bndbox>
	</object>
	<object>
		<name>text</name>
		<pose>Unspecified</pose>
		<truncated>0</truncated>
		<difficult>0</difficult>
		<bndbox>
			<xmin>230</xmin>
			<ymin>15</ymin>
			<xmax>253</xmax>
			<ymax>41</ymax>
		</bndbox>
	</object>
	<object>
		<name>text</name>
		<pose>Unspecified</pose>
		<truncated>0</truncated>
		<difficult>0</difficult>
		<bndbox>
			<xmin>129</xmin>
			<ymin>70</ymin>
			<xmax>153</xmax>
			<ymax>96</ymax>
		</bndbox>
	</object>
</annotation>