<annotation>
	<folder>geometry_annotation</folder>
	<filename>1273.png</filename>
	<source>
		<database>Unknown</database>
	</source>
	<size>
		<width>246</width>
		<height>281</height>
		<depth>3</depth>
	</size>
	<segmented>0</segmented>
	<object>
		<name>text</name>
		<pose>Unspecified</pose>
		<truncated>0</truncated>
		<difficult>0</difficult>
		<bndbox>
			<xmin>88</xmin>
			<ymin>226</ymin>
			<xmax>144</xmax>
			<ymax>253</ymax>
		</bndbox>
	</object>
	<object>
		<name>bar</name>
		<pose>Unspecified</pose>
		<truncated>0</truncated>
		<difficult>0</difficult>
		<bndbox>
			<xmin>87</xmin>
			<ymin>100</ymin>
			<xmax>98</xmax>
			<ymax>128</ymax>
		</bndbox>
	</object>
	<object>
		<name>bar</name>
		<pose>Unspecified</pose>
		<truncated>0</truncated>
		<difficult>0</difficult>
		<bndbox>
			<xmin>35</xmin>
			<ymin>101</ymin>
			<xmax>50</xmax>
			<ymax>128</ymax>
		</bndbox>
	</object>
</annotation>