<annotation>
	<folder>geometry_annotation</folder>
	<filename>1286.png</filename>
	<source>
		<database>Unknown</database>
	</source>
	<size>
		<width>658</width>
		<height>385</height>
		<depth>3</depth>
	</size>
	<segmented>0</segmented>
	<object>
		<name>text</name>
		<pose>Unspecified</pose>
		<truncated>0</truncated>
		<difficult>0</difficult>
		<bndbox>
			<xmin>422</xmin>
			<ymin>36</ymin>
			<xmax>455</xmax>
			<ymax>77</ymax>
		</bndbox>
	</object>
	<object>
		<name>text</name>
		<pose>Unspecified</pose>
		<truncated>0</truncated>
		<difficult>0</difficult>
		<bndbox>
			<xmin>473</xmin>
			<ymin>107</ymin>
			<xmax>518</xmax>
			<ymax>154</ymax>
		</bndbox>
	</object>
	<object>
		<name>text</name>
		<pose>Unspecified</pose>
		<truncated>0</truncated>
		<difficult>0</difficult>
		<bndbox>
			<xmin>560</xmin>
			<ymin>303</ymin>
			<xmax>599</xmax>
			<ymax>344</ymax>
		</bndbox>
	</object>
	<object>
		<name>text</name>
		<pose>Unspecified</pose>
		<truncated>0</truncated>
		<difficult>0</difficult>
		<bndbox>
			<xmin>238</xmin>
			<ymin>150</ymin>
			<xmax>276</xmax>
			<ymax>193</ymax>
		</bndbox>
	</object>
	<object>
		<name>text</name>
		<pose>Unspecified</pose>
		<truncated>0</truncated>
		<difficult>0</difficult>
		<bndbox>
			<xmin>61</xmin>
			<ymin>299</ymin>
			<xmax>98</xmax>
			<ymax>340</ymax>
		</bndbox>
	</object>
</annotation>