<annotation>
	<folder>geometry_annotation</folder>
	<filename>1290.png</filename>
	<source>
		<database>Unknown</database>
	</source>
	<size>
		<width>403</width>
		<height>165</height>
		<depth>3</depth>
	</size>
	<segmented>0</segmented>
	<object>
		<name>text</name>
		<pose>Unspecified</pose>
		<truncated>0</truncated>
		<difficult>0</difficult>
		<bndbox>
			<xmin>204</xmin>
			<ymin>64</ymin>
			<xmax>242</xmax>
			<ymax>94</ymax>
		</bndbox>
	</object>
	<object>
		<name>text</name>
		<pose>Unspecified</pose>
		<truncated>0</truncated>
		<difficult>0</difficult>
		<bndbox>
			<xmin>30</xmin>
			<ymin>123</ymin>
			<xmax>147</xmax>
			<ymax>155</ymax>
		</bndbox>
	</object>
	<object>
		<name>text</name>
		<pose>Unspecified</pose>
		<truncated>0</truncated>
		<difficult>0</difficult>
		<bndbox>
			<xmin>9</xmin>
			<ymin>76</ymin>
			<xmax>48</xmax>
			<ymax>99</ymax>
		</bndbox>
	</object>
</annotation>