<annotation>
	<folder>geometry_annotation</folder>
	<filename>1296.png</filename>
	<source>
		<database>Unknown</database>
	</source>
	<size>
		<width>319</width>
		<height>218</height>
		<depth>3</depth>
	</size>
	<segmented>0</segmented>
	<object>
		<name>text</name>
		<pose>Unspecified</pose>
		<truncated>0</truncated>
		<difficult>0</difficult>
		<bndbox>
			<xmin>86</xmin>
			<ymin>8</ymin>
			<xmax>149</xmax>
			<ymax>39</ymax>
		</bndbox>
	</object>
	<object>
		<name>text</name>
		<pose>Unspecified</pose>
		<truncated>0</truncated>
		<difficult>0</difficult>
		<bndbox>
			<xmin>251</xmin>
			<ymin>29</ymin>
			<xmax>293</xmax>
			<ymax>60</ymax>
		</bndbox>
	</object>
	<object>
		<name>text</name>
		<pose>Unspecified</pose>
		<truncated>0</truncated>
		<difficult>0</difficult>
		<bndbox>
			<xmin>227</xmin>
			<ymin>184</ymin>
			<xmax>286</xmax>
			<ymax>211</ymax>
		</bndbox>
	</object>
	<object>
		<name>perpendicular</name>
		<pose>Unspecified</pose>
		<truncated>0</truncated>
		<difficult>0</difficult>
		<bndbox>
			<xmin>193</xmin>
			<ymin>129</ymin>
			<xmax>230</xmax>
			<ymax>162</ymax>
		</bndbox>
	</object>
	<object>
		<name>arrow</name>
		<pose>Unspecified</pose>
		<truncated>0</truncated>
		<difficult>0</difficult>
		<bndbox>
			<xmin>226</xmin>
			<ymin>60</ymin>
			<xmax>267</xmax>
			<ymax>80</ymax>
		</bndbox>
	</object>
</annotation>