<annotation>
	<folder>geometry_annotation</folder>
	<filename>1306.png</filename>
	<source>
		<database>Unknown</database>
	</source>
	<size>
		<width>353</width>
		<height>154</height>
		<depth>3</depth>
	</size>
	<segmented>0</segmented>
	<object>
		<name>text</name>
		<pose>Unspecified</pose>
		<truncated>0</truncated>
		<difficult>0</difficult>
		<bndbox>
			<xmin>175</xmin>
			<ymin>7</ymin>
			<xmax>241</xmax>
			<ymax>35</ymax>
		</bndbox>
	</object>
	<object>
		<name>text</name>
		<pose>Unspecified</pose>
		<truncated>0</truncated>
		<difficult>0</difficult>
		<bndbox>
			<xmin>12</xmin>
			<ymin>69</ymin>
			<xmax>78</xmax>
			<ymax>96</ymax>
		</bndbox>
	</object>
	<object>
		<name>perpendicular</name>
		<pose>Unspecified</pose>
		<truncated>0</truncated>
		<difficult>0</difficult>
		<bndbox>
			<xmin>79</xmin>
			<ymin>99</ymin>
			<xmax>113</xmax>
			<ymax>132</ymax>
		</bndbox>
	</object>
</annotation>