<annotation>
	<folder>geometry_annotation</folder>
	<filename>1308.png</filename>
	<source>
		<database>Unknown</database>
	</source>
	<size>
		<width>245</width>
		<height>249</height>
		<depth>3</depth>
	</size>
	<segmented>0</segmented>
	<object>
		<name>text</name>
		<pose>Unspecified</pose>
		<truncated>0</truncated>
		<difficult>0</difficult>
		<bndbox>
			<xmin>83</xmin>
			<ymin>9</ymin>
			<xmax>117</xmax>
			<ymax>37</ymax>
		</bndbox>
	</object>
	<object>
		<name>text</name>
		<pose>Unspecified</pose>
		<truncated>0</truncated>
		<difficult>0</difficult>
		<bndbox>
			<xmin>190</xmin>
			<ymin>118</ymin>
			<xmax>222</xmax>
			<ymax>151</ymax>
		</bndbox>
	</object>
	<object>
		<name>text</name>
		<pose>Unspecified</pose>
		<truncated>0</truncated>
		<difficult>0</difficult>
		<bndbox>
			<xmin>64</xmin>
			<ymin>139</ymin>
			<xmax>88</xmax>
			<ymax>162</ymax>
		</bndbox>
	</object>
	<object>
		<name>perpendicular</name>
		<pose>Unspecified</pose>
		<truncated>0</truncated>
		<difficult>0</difficult>
		<bndbox>
			<xmin>152</xmin>
			<ymin>39</ymin>
			<xmax>190</xmax>
			<ymax>69</ymax>
		</bndbox>
	</object>
</annotation>