<annotation>
	<folder>geometry_annotation</folder>
	<filename>1311.png</filename>
	<source>
		<database>Unknown</database>
	</source>
	<size>
		<width>220</width>
		<height>218</height>
		<depth>3</depth>
	</size>
	<segmented>0</segmented>
	<object>
		<name>text</name>
		<pose>Unspecified</pose>
		<truncated>0</truncated>
		<difficult>0</difficult>
		<bndbox>
			<xmin>63</xmin>
			<ymin>70</ymin>
			<xmax>130</xmax>
			<ymax>102</ymax>
		</bndbox>
	</object>
</annotation>