<annotation>
	<folder>geometry_annotation</folder>
	<filename>1321.png</filename>
	<source>
		<database>Unknown</database>
	</source>
	<size>
		<width>353</width>
		<height>154</height>
		<depth>3</depth>
	</size>
	<segmented>0</segmented>
	<object>
		<name>text</name>
		<pose>Unspecified</pose>
		<truncated>0</truncated>
		<difficult>0</difficult>
		<bndbox>
			<xmin>171</xmin>
			<ymin>8</ymin>
			<xmax>242</xmax>
			<ymax>38</ymax>
		</bndbox>
	</object>
	<object>
		<name>text</name>
		<pose>Unspecified</pose>
		<truncated>0</truncated>
		<difficult>0</difficult>
		<bndbox>
			<xmin>12</xmin>
			<ymin>67</ymin>
			<xmax>79</xmax>
			<ymax>98</ymax>
		</bndbox>
	</object>
	<object>
		<name>perpendicular</name>
		<pose>Unspecified</pose>
		<truncated>0</truncated>
		<difficult>0</difficult>
		<bndbox>
			<xmin>81</xmin>
			<ymin>102</ymin>
			<xmax>110</xmax>
			<ymax>132</ymax>
		</bndbox>
	</object>
</annotation>