<annotation>
	<folder>geometry_annotation</folder>
	<filename>133.png</filename>
	<source>
		<database>Unknown</database>
	</source>
	<size>
		<width>641</width>
		<height>403</height>
		<depth>3</depth>
	</size>
	<segmented>0</segmented>
	<object>
		<name>text</name>
		<pose>Unspecified</pose>
		<truncated>0</truncated>
		<difficult>0</difficult>
		<bndbox>
			<xmin>37</xmin>
			<ymin>98</ymin>
			<xmax>165</xmax>
			<ymax>181</ymax>
		</bndbox>
	</object>
	<object>
		<name>text</name>
		<pose>Unspecified</pose>
		<truncated>0</truncated>
		<difficult>0</difficult>
		<bndbox>
			<xmin>119</xmin>
			<ymin>274</ymin>
			<xmax>257</xmax>
			<ymax>317</ymax>
		</bndbox>
	</object>
	<object>
		<name>text</name>
		<pose>Unspecified</pose>
		<truncated>0</truncated>
		<difficult>0</difficult>
		<bndbox>
			<xmin>485</xmin>
			<ymin>91</ymin>
			<xmax>603</xmax>
			<ymax>137</ymax>
		</bndbox>
	</object>
	<object>
		<name>text</name>
		<pose>Unspecified</pose>
		<truncated>0</truncated>
		<difficult>0</difficult>
		<bndbox>
			<xmin>390</xmin>
			<ymin>252</ymin>
			<xmax>510</xmax>
			<ymax>301</ymax>
		</bndbox>
	</object>
	<object>
		<name>parallel</name>
		<pose>Unspecified</pose>
		<truncated>0</truncated>
		<difficult>0</difficult>
		<bndbox>
			<xmin>295</xmin>
			<ymin>33</ymin>
			<xmax>344</xmax>
			<ymax>72</ymax>
		</bndbox>
	</object>
	<object>
		<name>parallel</name>
		<pose>Unspecified</pose>
		<truncated>0</truncated>
		<difficult>0</difficult>
		<bndbox>
			<xmin>294</xmin>
			<ymin>187</ymin>
			<xmax>343</xmax>
			<ymax>226</ymax>
		</bndbox>
	</object>
	<object>
		<name>bar</name>
		<pose>Unspecified</pose>
		<truncated>0</truncated>
		<difficult>0</difficult>
		<bndbox>
			<xmin>434</xmin>
			<ymin>112</ymin>
			<xmax>484</xmax>
			<ymax>151</ymax>
		</bndbox>
	</object>
	<object>
		<name>bar</name>
		<pose>Unspecified</pose>
		<truncated>0</truncated>
		<difficult>0</difficult>
		<bndbox>
			<xmin>342</xmin>
			<ymin>265</ymin>
			<xmax>392</xmax>
			<ymax>304</ymax>
		</bndbox>
	</object>
</annotation>