<annotation>
	<folder>geometry_annotation</folder>
	<filename>1331.png</filename>
	<source>
		<database>Unknown</database>
	</source>
	<size>
		<width>342</width>
		<height>265</height>
		<depth>3</depth>
	</size>
	<segmented>0</segmented>
	<object>
		<name>text</name>
		<pose>Unspecified</pose>
		<truncated>0</truncated>
		<difficult>0</difficult>
		<bndbox>
			<xmin>123</xmin>
			<ymin>27</ymin>
			<xmax>174</xmax>
			<ymax>54</ymax>
		</bndbox>
	</object>
	<object>
		<name>text</name>
		<pose>Unspecified</pose>
		<truncated>0</truncated>
		<difficult>0</difficult>
		<bndbox>
			<xmin>35</xmin>
			<ymin>160</ymin>
			<xmax>84</xmax>
			<ymax>187</ymax>
		</bndbox>
	</object>
	<object>
		<name>text</name>
		<pose>Unspecified</pose>
		<truncated>0</truncated>
		<difficult>0</difficult>
		<bndbox>
			<xmin>198</xmin>
			<ymin>181</ymin>
			<xmax>235</xmax>
			<ymax>209</ymax>
		</bndbox>
	</object>
	<object>
		<name>text</name>
		<pose>Unspecified</pose>
		<truncated>0</truncated>
		<difficult>0</difficult>
		<bndbox>
			<xmin>219</xmin>
			<ymin>95</ymin>
			<xmax>241</xmax>
			<ymax>119</ymax>
		</bndbox>
	</object>
</annotation>