<annotation>
	<folder>geometry_annotation</folder>
	<filename>1339.png</filename>
	<source>
		<database>Unknown</database>
	</source>
	<size>
		<width>165</width>
		<height>274</height>
		<depth>3</depth>
	</size>
	<segmented>0</segmented>
	<object>
		<name>text</name>
		<pose>Unspecified</pose>
		<truncated>0</truncated>
		<difficult>0</difficult>
		<bndbox>
			<xmin>114</xmin>
			<ymin>110</ymin>
			<xmax>155</xmax>
			<ymax>138</ymax>
		</bndbox>
	</object>
	<object>
		<name>text</name>
		<pose>Unspecified</pose>
		<truncated>0</truncated>
		<difficult>0</difficult>
		<bndbox>
			<xmin>42</xmin>
			<ymin>234</ymin>
			<xmax>81</xmax>
			<ymax>260</ymax>
		</bndbox>
	</object>
</annotation>