<annotation>
	<folder>geometry_annotation</folder>
	<filename>1348.png</filename>
	<source>
		<database>Unknown</database>
	</source>
	<size>
		<width>588</width>
		<height>385</height>
		<depth>3</depth>
	</size>
	<segmented>0</segmented>
	<object>
		<name>text</name>
		<pose>Unspecified</pose>
		<truncated>0</truncated>
		<difficult>0</difficult>
		<bndbox>
			<xmin>372</xmin>
			<ymin>49</ymin>
			<xmax>514</xmax>
			<ymax>96</ymax>
		</bndbox>
	</object>
	<object>
		<name>text</name>
		<pose>Unspecified</pose>
		<truncated>0</truncated>
		<difficult>0</difficult>
		<bndbox>
			<xmin>185</xmin>
			<ymin>53</ymin>
			<xmax>342</xmax>
			<ymax>102</ymax>
		</bndbox>
	</object>
	<object>
		<name>text</name>
		<pose>Unspecified</pose>
		<truncated>0</truncated>
		<difficult>0</difficult>
		<bndbox>
			<xmin>271</xmin>
			<ymin>215</ymin>
			<xmax>431</xmax>
			<ymax>268</ymax>
		</bndbox>
	</object>
	<object>
		<name>text</name>
		<pose>Unspecified</pose>
		<truncated>0</truncated>
		<difficult>0</difficult>
		<bndbox>
			<xmin>94</xmin>
			<ymin>218</ymin>
			<xmax>234</xmax>
			<ymax>270</ymax>
		</bndbox>
	</object>
</annotation>