<annotation>
	<folder>geometry_annotation</folder>
	<filename>135.png</filename>
	<source>
		<database>Unknown</database>
	</source>
	<size>
		<width>418</width>
		<height>139</height>
		<depth>3</depth>
	</size>
	<segmented>0</segmented>
	<object>
		<name>perpendicular</name>
		<pose>Unspecified</pose>
		<truncated>0</truncated>
		<difficult>0</difficult>
		<bndbox>
			<xmin>121</xmin>
			<ymin>83</ymin>
			<xmax>151</xmax>
			<ymax>112</ymax>
		</bndbox>
	</object>
	<object>
		<name>text</name>
		<pose>Unspecified</pose>
		<truncated>0</truncated>
		<difficult>0</difficult>
		<bndbox>
			<xmin>212</xmin>
			<ymin>3</ymin>
			<xmax>295</xmax>
			<ymax>31</ymax>
		</bndbox>
	</object>
	<object>
		<name>text</name>
		<pose>Unspecified</pose>
		<truncated>0</truncated>
		<difficult>0</difficult>
		<bndbox>
			<xmin>294</xmin>
			<ymin>70</ymin>
			<xmax>372</xmax>
			<ymax>100</ymax>
		</bndbox>
	</object>
	<object>
		<name>text</name>
		<pose>Unspecified</pose>
		<truncated>0</truncated>
		<difficult>0</difficult>
		<bndbox>
			<xmin>70</xmin>
			<ymin>75</ymin>
			<xmax>111</xmax>
			<ymax>105</ymax>
		</bndbox>
	</object>
</annotation>