<annotation>
	<folder>geometry_annotation</folder>
	<filename>1360.png</filename>
	<source>
		<database>Unknown</database>
	</source>
	<size>
		<width>298</width>
		<height>179</height>
		<depth>3</depth>
	</size>
	<segmented>0</segmented>
	<object>
		<name>text</name>
		<pose>Unspecified</pose>
		<truncated>0</truncated>
		<difficult>0</difficult>
		<bndbox>
			<xmin>167</xmin>
			<ymin>107</ymin>
			<xmax>192</xmax>
			<ymax>139</ymax>
		</bndbox>
	</object>
	<object>
		<name>perpendicular</name>
		<pose>Unspecified</pose>
		<truncated>0</truncated>
		<difficult>0</difficult>
		<bndbox>
			<xmin>71</xmin>
			<ymin>123</ymin>
			<xmax>109</xmax>
			<ymax>162</ymax>
		</bndbox>
	</object>
	<object>
		<name>text</name>
		<pose>Unspecified</pose>
		<truncated>0</truncated>
		<difficult>0</difficult>
		<bndbox>
			<xmin>119</xmin>
			<ymin>8</ymin>
			<xmax>149</xmax>
			<ymax>41</ymax>
		</bndbox>
	</object>
	<object>
		<name>text</name>
		<pose>Unspecified</pose>
		<truncated>0</truncated>
		<difficult>0</difficult>
		<bndbox>
			<xmin>36</xmin>
			<ymin>48</ymin>
			<xmax>88</xmax>
			<ymax>82</ymax>
		</bndbox>
	</object>
	<object>
		<name>text</name>
		<pose>Unspecified</pose>
		<truncated>0</truncated>
		<difficult>0</difficult>
		<bndbox>
			<xmin>20</xmin>
			<ymin>100</ymin>
			<xmax>48</xmax>
			<ymax>134</ymax>
		</bndbox>
	</object>
</annotation>