<annotation>
	<folder>geometry_annotation</folder>
	<filename>1371.png</filename>
	<source>
		<database>Unknown</database>
	</source>
	<size>
		<width>230</width>
		<height>292</height>
		<depth>3</depth>
	</size>
	<segmented>0</segmented>
	<object>
		<name>text</name>
		<pose>Unspecified</pose>
		<truncated>0</truncated>
		<difficult>0</difficult>
		<bndbox>
			<xmin>15</xmin>
			<ymin>72</ymin>
			<xmax>50</xmax>
			<ymax>102</ymax>
		</bndbox>
	</object>
	<object>
		<name>text</name>
		<pose>Unspecified</pose>
		<truncated>0</truncated>
		<difficult>0</difficult>
		<bndbox>
			<xmin>149</xmin>
			<ymin>108</ymin>
			<xmax>173</xmax>
			<ymax>135</ymax>
		</bndbox>
	</object>
	<object>
		<name>text</name>
		<pose>Unspecified</pose>
		<truncated>0</truncated>
		<difficult>0</difficult>
		<bndbox>
			<xmin>128</xmin>
			<ymin>205</ymin>
			<xmax>167</xmax>
			<ymax>232</ymax>
		</bndbox>
	</object>
	<object>
		<name>text</name>
		<pose>Unspecified</pose>
		<truncated>0</truncated>
		<difficult>0</difficult>
		<bndbox>
			<xmin>54</xmin>
			<ymin>222</ymin>
			<xmax>92</xmax>
			<ymax>254</ymax>
		</bndbox>
	</object>
	<object>
		<name>perpendicular</name>
		<pose>Unspecified</pose>
		<truncated>0</truncated>
		<difficult>0</difficult>
		<bndbox>
			<xmin>14</xmin>
			<ymin>160</ymin>
			<xmax>53</xmax>
			<ymax>192</ymax>
		</bndbox>
	</object>
</annotation>