<annotation>
	<folder>geometry_annotation</folder>
	<filename>1377.png</filename>
	<source>
		<database>Unknown</database>
	</source>
	<size>
		<width>435</width>
		<height>147</height>
		<depth>3</depth>
	</size>
	<segmented>0</segmented>
	<object>
		<name>text</name>
		<pose>Unspecified</pose>
		<truncated>0</truncated>
		<difficult>0</difficult>
		<bndbox>
			<xmin>15</xmin>
			<ymin>42</ymin>
			<xmax>43</xmax>
			<ymax>67</ymax>
		</bndbox>
	</object>
	<object>
		<name>text</name>
		<pose>Unspecified</pose>
		<truncated>0</truncated>
		<difficult>0</difficult>
		<bndbox>
			<xmin>78</xmin>
			<ymin>64</ymin>
			<xmax>105</xmax>
			<ymax>88</ymax>
		</bndbox>
	</object>
	<object>
		<name>text</name>
		<pose>Unspecified</pose>
		<truncated>0</truncated>
		<difficult>0</difficult>
		<bndbox>
			<xmin>296</xmin>
			<ymin>64</ymin>
			<xmax>311</xmax>
			<ymax>87</ymax>
		</bndbox>
	</object>
	<object>
		<name>text</name>
		<pose>Unspecified</pose>
		<truncated>0</truncated>
		<difficult>0</difficult>
		<bndbox>
			<xmin>324</xmin>
			<ymin>74</ymin>
			<xmax>339</xmax>
			<ymax>95</ymax>
		</bndbox>
	</object>
	<object>
		<name>bar</name>
		<pose>Unspecified</pose>
		<truncated>0</truncated>
		<difficult>0</difficult>
		<bndbox>
			<xmin>159</xmin>
			<ymin>89</ymin>
			<xmax>183</xmax>
			<ymax>124</ymax>
		</bndbox>
	</object>
	<object>
		<name>bar</name>
		<pose>Unspecified</pose>
		<truncated>0</truncated>
		<difficult>0</difficult>
		<bndbox>
			<xmin>72</xmin>
			<ymin>86</ymin>
			<xmax>96</xmax>
			<ymax>121</ymax>
		</bndbox>
	</object>
	<object>
		<name>angle</name>
		<pose>Unspecified</pose>
		<truncated>0</truncated>
		<difficult>0</difficult>
		<bndbox>
			<xmin>23</xmin>
			<ymin>78</ymin>
			<xmax>54</xmax>
			<ymax>113</ymax>
		</bndbox>
	</object>
	<object>
		<name>angle</name>
		<pose>Unspecified</pose>
		<truncated>0</truncated>
		<difficult>0</difficult>
		<bndbox>
			<xmin>298</xmin>
			<ymin>78</ymin>
			<xmax>329</xmax>
			<ymax>113</ymax>
		</bndbox>
	</object>
	<object>
		<name>double bar</name>
		<pose>Unspecified</pose>
		<truncated>0</truncated>
		<difficult>0</difficult>
		<bndbox>
			<xmin>330</xmin>
			<ymin>89</ymin>
			<xmax>350</xmax>
			<ymax>121</ymax>
		</bndbox>
	</object>
	<object>
		<name>double bar</name>
		<pose>Unspecified</pose>
		<truncated>0</truncated>
		<difficult>0</difficult>
		<bndbox>
			<xmin>356</xmin>
			<ymin>89</ymin>
			<xmax>376</xmax>
			<ymax>121</ymax>
		</bndbox>
	</object>
	<object>
		<name>double angle</name>
		<pose>Unspecified</pose>
		<truncated>0</truncated>
		<difficult>0</difficult>
		<bndbox>
			<xmin>198</xmin>
			<ymin>82</ymin>
			<xmax>224</xmax>
			<ymax>113</ymax>
		</bndbox>
	</object>
	<object>
		<name>double angle</name>
		<pose>Unspecified</pose>
		<truncated>0</truncated>
		<difficult>0</difficult>
		<bndbox>
			<xmin>373</xmin>
			<ymin>82</ymin>
			<xmax>396</xmax>
			<ymax>108</ymax>
		</bndbox>
	</object>
</annotation>