<annotation>
	<folder>geometry_annotation</folder>
	<filename>1380.png</filename>
	<source>
		<database>Unknown</database>
	</source>
	<size>
		<width>609</width>
		<height>300</height>
		<depth>3</depth>
	</size>
	<segmented>0</segmented>
	<object>
		<name>text</name>
		<pose>Unspecified</pose>
		<truncated>0</truncated>
		<difficult>0</difficult>
		<bndbox>
			<xmin>44</xmin>
			<ymin>11</ymin>
			<xmax>86</xmax>
			<ymax>61</ymax>
		</bndbox>
	</object>
	<object>
		<name>perpendicular</name>
		<pose>Unspecified</pose>
		<truncated>0</truncated>
		<difficult>0</difficult>
		<bndbox>
			<xmin>77</xmin>
			<ymin>198</ymin>
			<xmax>119</xmax>
			<ymax>248</ymax>
		</bndbox>
	</object>
	<object>
		<name>text</name>
		<pose>Unspecified</pose>
		<truncated>0</truncated>
		<difficult>0</difficult>
		<bndbox>
			<xmin>503</xmin>
			<ymin>229</ymin>
			<xmax>545</xmax>
			<ymax>279</ymax>
		</bndbox>
	</object>
	<object>
		<name>text</name>
		<pose>Unspecified</pose>
		<truncated>0</truncated>
		<difficult>0</difficult>
		<bndbox>
			<xmin>506</xmin>
			<ymin>17</ymin>
			<xmax>548</xmax>
			<ymax>67</ymax>
		</bndbox>
	</object>
	<object>
		<name>text</name>
		<pose>Unspecified</pose>
		<truncated>0</truncated>
		<difficult>0</difficult>
		<bndbox>
			<xmin>43</xmin>
			<ymin>229</ymin>
			<xmax>85</xmax>
			<ymax>279</ymax>
		</bndbox>
	</object>
</annotation>