<annotation>
	<folder>geometry_annotation</folder>
	<filename>1387.png</filename>
	<source>
		<database>Unknown</database>
	</source>
	<size>
		<width>446</width>
		<height>272</height>
		<depth>3</depth>
	</size>
	<segmented>0</segmented>
	<object>
		<name>text</name>
		<pose>Unspecified</pose>
		<truncated>0</truncated>
		<difficult>0</difficult>
		<bndbox>
			<xmin>9</xmin>
			<ymin>106</ymin>
			<xmax>92</xmax>
			<ymax>138</ymax>
		</bndbox>
	</object>
	<object>
		<name>text</name>
		<pose>Unspecified</pose>
		<truncated>0</truncated>
		<difficult>0</difficult>
		<bndbox>
			<xmin>164</xmin>
			<ymin>228</ymin>
			<xmax>247</xmax>
			<ymax>257</ymax>
		</bndbox>
	</object>
</annotation>