<annotation>
	<folder>geometry_annotation</folder>
	<filename>139.png</filename>
	<source>
		<database>Unknown</database>
	</source>
	<size>
		<width>264</width>
		<height>235</height>
		<depth>3</depth>
	</size>
	<segmented>0</segmented>
	<object>
		<name>text</name>
		<pose>Unspecified</pose>
		<truncated>0</truncated>
		<difficult>0</difficult>
		<bndbox>
			<xmin>82</xmin>
			<ymin>55</ymin>
			<xmax>118</xmax>
			<ymax>84</ymax>
		</bndbox>
	</object>
	<object>
		<name>text</name>
		<pose>Unspecified</pose>
		<truncated>0</truncated>
		<difficult>0</difficult>
		<bndbox>
			<xmin>46</xmin>
			<ymin>124</ymin>
			<xmax>95</xmax>
			<ymax>147</ymax>
		</bndbox>
	</object>
	<object>
		<name>arrow</name>
		<pose>Unspecified</pose>
		<truncated>0</truncated>
		<difficult>0</difficult>
		<bndbox>
			<xmin>84</xmin>
			<ymin>84</ymin>
			<xmax>99</xmax>
			<ymax>117</ymax>
		</bndbox>
	</object>
</annotation>