<annotation>
	<folder>geometry_annotation</folder>
	<filename>1395.png</filename>
	<source>
		<database>Unknown</database>
	</source>
	<size>
		<width>761</width>
		<height>403</height>
		<depth>3</depth>
	</size>
	<segmented>0</segmented>
	<object>
		<name>text</name>
		<pose>Unspecified</pose>
		<truncated>0</truncated>
		<difficult>0</difficult>
		<bndbox>
			<xmin>662</xmin>
			<ymin>58</ymin>
			<xmax>716</xmax>
			<ymax>119</ymax>
		</bndbox>
	</object>
	<object>
		<name>text</name>
		<pose>Unspecified</pose>
		<truncated>0</truncated>
		<difficult>0</difficult>
		<bndbox>
			<xmin>537</xmin>
			<ymin>201</ymin>
			<xmax>633</xmax>
			<ymax>248</ymax>
		</bndbox>
	</object>
	<object>
		<name>text</name>
		<pose>Unspecified</pose>
		<truncated>0</truncated>
		<difficult>0</difficult>
		<bndbox>
			<xmin>403</xmin>
			<ymin>307</ymin>
			<xmax>450</xmax>
			<ymax>356</ymax>
		</bndbox>
	</object>
	<object>
		<name>text</name>
		<pose>Unspecified</pose>
		<truncated>0</truncated>
		<difficult>0</difficult>
		<bndbox>
			<xmin>71</xmin>
			<ymin>194</ymin>
			<xmax>122</xmax>
			<ymax>242</ymax>
		</bndbox>
	</object>
	<object>
		<name>text</name>
		<pose>Unspecified</pose>
		<truncated>0</truncated>
		<difficult>0</difficult>
		<bndbox>
			<xmin>367</xmin>
			<ymin>237</ymin>
			<xmax>455</xmax>
			<ymax>286</ymax>
		</bndbox>
	</object>
	<object>
		<name>angle</name>
		<pose>Unspecified</pose>
		<truncated>0</truncated>
		<difficult>0</difficult>
		<bndbox>
			<xmin>587</xmin>
			<ymin>88</ymin>
			<xmax>651</xmax>
			<ymax>144</ymax>
		</bndbox>
	</object>
	<object>
		<name>angle</name>
		<pose>Unspecified</pose>
		<truncated>0</truncated>
		<difficult>0</difficult>
		<bndbox>
			<xmin>124</xmin>
			<ymin>185</ymin>
			<xmax>199</xmax>
			<ymax>233</ymax>
		</bndbox>
	</object>
</annotation>