<annotation>
	<folder>geometry_annotation</folder>
	<filename>1417.png</filename>
	<source>
		<database>Unknown</database>
	</source>
	<size>
		<width>229</width>
		<height>199</height>
		<depth>3</depth>
	</size>
	<segmented>0</segmented>
	<object>
		<name>text</name>
		<pose>Unspecified</pose>
		<truncated>0</truncated>
		<difficult>0</difficult>
		<bndbox>
			<xmin>123</xmin>
			<ymin>8</ymin>
			<xmax>163</xmax>
			<ymax>36</ymax>
		</bndbox>
	</object>
	<object>
		<name>text</name>
		<pose>Unspecified</pose>
		<truncated>0</truncated>
		<difficult>0</difficult>
		<bndbox>
			<xmin>61</xmin>
			<ymin>125</ymin>
			<xmax>83</xmax>
			<ymax>156</ymax>
		</bndbox>
	</object>
</annotation>