<annotation>
	<folder>geometry_annotation</folder>
	<filename>1420.png</filename>
	<source>
		<database>Unknown</database>
	</source>
	<size>
		<width>339</width>
		<height>261</height>
		<depth>3</depth>
	</size>
	<segmented>0</segmented>
	<object>
		<name>text</name>
		<pose>Unspecified</pose>
		<truncated>0</truncated>
		<difficult>0</difficult>
		<bndbox>
			<xmin>209</xmin>
			<ymin>53</ymin>
			<xmax>327</xmax>
			<ymax>96</ymax>
		</bndbox>
	</object>
	<object>
		<name>text</name>
		<pose>Unspecified</pose>
		<truncated>0</truncated>
		<difficult>0</difficult>
		<bndbox>
			<xmin>95</xmin>
			<ymin>155</ymin>
			<xmax>221</xmax>
			<ymax>194</ymax>
		</bndbox>
	</object>
	<object>
		<name>text</name>
		<pose>Unspecified</pose>
		<truncated>0</truncated>
		<difficult>0</difficult>
		<bndbox>
			<xmin>72</xmin>
			<ymin>206</ymin>
			<xmax>100</xmax>
			<ymax>245</ymax>
		</bndbox>
	</object>
	<object>
		<name>text</name>
		<pose>Unspecified</pose>
		<truncated>0</truncated>
		<difficult>0</difficult>
		<bndbox>
			<xmin>203</xmin>
			<ymin>215</ymin>
			<xmax>238</xmax>
			<ymax>244</ymax>
		</bndbox>
	</object>
</annotation>