<annotation>
	<folder>geometry_annotation</folder>
	<filename>1436.png</filename>
	<source>
		<database>Unknown</database>
	</source>
	<size>
		<width>329</width>
		<height>227</height>
		<depth>3</depth>
	</size>
	<segmented>0</segmented>
	<object>
		<name>text</name>
		<pose>Unspecified</pose>
		<truncated>0</truncated>
		<difficult>0</difficult>
		<bndbox>
			<xmin>30</xmin>
			<ymin>51</ymin>
			<xmax>149</xmax>
			<ymax>81</ymax>
		</bndbox>
	</object>
	<object>
		<name>text</name>
		<pose>Unspecified</pose>
		<truncated>0</truncated>
		<difficult>0</difficult>
		<bndbox>
			<xmin>267</xmin>
			<ymin>77</ymin>
			<xmax>297</xmax>
			<ymax>100</ymax>
		</bndbox>
	</object>
	<object>
		<name>text</name>
		<pose>Unspecified</pose>
		<truncated>0</truncated>
		<difficult>0</difficult>
		<bndbox>
			<xmin>272</xmin>
			<ymin>142</ymin>
			<xmax>294</xmax>
			<ymax>164</ymax>
		</bndbox>
	</object>
	<object>
		<name>text</name>
		<pose>Unspecified</pose>
		<truncated>0</truncated>
		<difficult>0</difficult>
		<bndbox>
			<xmin>127</xmin>
			<ymin>166</ymin>
			<xmax>243</xmax>
			<ymax>196</ymax>
		</bndbox>
	</object>
</annotation>