<annotation>
	<folder>geometry_annotation</folder>
	<filename>1440.png</filename>
	<source>
		<database>Unknown</database>
	</source>
	<size>
		<width>406</width>
		<height>388</height>
		<depth>3</depth>
	</size>
	<segmented>0</segmented>
	<object>
		<name>text</name>
		<pose>Unspecified</pose>
		<truncated>0</truncated>
		<difficult>0</difficult>
		<bndbox>
			<xmin>137</xmin>
			<ymin>157</ymin>
			<xmax>187</xmax>
			<ymax>197</ymax>
		</bndbox>
	</object>
	<object>
		<name>text</name>
		<pose>Unspecified</pose>
		<truncated>0</truncated>
		<difficult>0</difficult>
		<bndbox>
			<xmin>137</xmin>
			<ymin>223</ymin>
			<xmax>188</xmax>
			<ymax>267</ymax>
		</bndbox>
	</object>
	<object>
		<name>perpendicular</name>
		<pose>Unspecified</pose>
		<truncated>0</truncated>
		<difficult>0</difficult>
		<bndbox>
			<xmin>188</xmin>
			<ymin>190</ymin>
			<xmax>229</xmax>
			<ymax>229</ymax>
		</bndbox>
	</object>
</annotation>