<annotation>
	<folder>geometry_annotation</folder>
	<filename>1441.png</filename>
	<source>
		<database>Unknown</database>
	</source>
	<size>
		<width>689</width>
		<height>351</height>
		<depth>3</depth>
	</size>
	<segmented>0</segmented>
	<object>
		<name>text</name>
		<pose>Unspecified</pose>
		<truncated>0</truncated>
		<difficult>0</difficult>
		<bndbox>
			<xmin>381</xmin>
			<ymin>146</ymin>
			<xmax>532</xmax>
			<ymax>193</ymax>
		</bndbox>
	</object>
	<object>
		<name>text</name>
		<pose>Unspecified</pose>
		<truncated>0</truncated>
		<difficult>0</difficult>
		<bndbox>
			<xmin>194</xmin>
			<ymin>148</ymin>
			<xmax>258</xmax>
			<ymax>189</ymax>
		</bndbox>
	</object>
</annotation>