{
  "problem_text": "Find z in the figure.",
  "choices": [
    "132",
    "138",
    "142",
    "148"
  ],
  "answer": "C",
  "detailed_solution": " ",
  "problem_type_graph": [
    "Line"
  ],
  "problem_type_goal": [
    "Angle"
  ],
  "source": "Textbook 2_Chapter 4 - Congruent Triangles.pdf",
  "comment": "",
  "id": 1135,
  "annot_id": "pan_2020-03-18_05_40_00",
  "is_standard": false,
  "compact_choices": [
    "132",
    "138",
    "142",
    "148"
  ],
  "precise_value": [
    132.0,
    138.0,
    142.0,
    148.0
  ],
  "rough_value": [
    132,
    138,
    142,
    148
  ],
  "compact_text": "Find z in the figure.",
  "annotat_text": "Find $z$ in the figure.",
  "unit": "",
  "img_width": 393,
  "img_height": 299,
  "data_type": "train",
  "date": "Fri Sep 18 22:23:14 2020",
  "system": "linux"
}