{
  "text_logic_form": [
    "Find(z)"
  ],
  "dissolved_text_logic_form": [
    "Find(z)"
  ],
  "diagram_logic_form": [
    "Equals(MeasureOf(Angle(J, M, E)), z)",
    "Equals(MeasureOf(Angle(K, I, P)), 4x+6)",
    "Equals(MeasureOf(Angle(I, L, R)), 2y+8)",
    "Equals(MeasureOf(Angle(R, L, P)), 142)",
    "PointLiesOnLine(M, Line(E, P))",
    "Parallel(Line(J,N), Line(H,K))",
    "Parallel(Line(B,R), Line(H,K))"
  ],
  "line_instances": [
    "BL",
    "BR",
    "EI",
    "EL",
    "EM",
    "EP",
    "HI",
    "HK",
    "IK",
    "IL",
    "IP",
    "JM",
    "JN",
    "LP",
    "LR",
    "MI",
    "ML",
    "MN",
    "MP"
  ],
  "point_positions": {
    "A": [
      283.0,
      124.0
    ],
    "B": [
      5.0,
      223.0
    ],
    "C": [
      133.0,
      26.0
    ],
    "D": [
      337.0,
      221.0
    ],
    "E": [
      354.0,
      0.0
    ],
    "F": [
      120.0,
      125.0
    ],
    "G": [
      244.0,
      221.0
    ],
    "H": [
      2.0,
      125.0
    ],
    "I": [
      195.0,
      125.0
    ],
    "J": [
      0.0,
      28.0
    ],
    "K": [
      361.0,
      125.0
    ],
    "L": [
      70.0,
      223.0
    ],
    "M": [
      320.0,
      27.0
    ],
    "N": [
      361.0,
      27.0
    ],
    "O": [
      267.0,
      221.0
    ],
    "P": [
      24.0,
      259.0
    ],
    "Q": [
      37.0,
      225.0
    ],
    "R": [
      356.0,
      223.0
    ],
    "S": [
      117.0,
      25.0
    ]
  },
  "circle_instances": [
    ""
  ]
}