{
  "problem_text": "Find m \\angle D.",
  "choices": [
    "30",
    "60",
    "90",
    "120"
  ],
  "answer": "B",
  "detailed_solution": " ",
  "problem_type_graph": [
    "Trapezoid"
  ],
  "problem_type_goal": [
    "Angle"
  ],
  "source": "textbook2_chapter8.pdf page 6",
  "comment": "",
  "id": 1189,
  "annot_id": "Ran_2020-03-27_00_47_57",
  "is_standard": false,
  "compact_choices": [
    "30",
    "60",
    "90",
    "120"
  ],
  "precise_value": [
    30.0,
    60.0,
    90.0,
    120.0
  ],
  "rough_value": [
    30,
    60,
    90,
    120
  ],
  "compact_text": "Find m \\angle D.",
  "annotat_text": "Find $m\\angle D$",
  "unit": "",
  "img_width": 283,
  "img_height": 204,
  "data_type": "train",
  "date": "Fri Sep 18 22:23:14 2020",
  "system": "linux"
}