{
  "problem_text": "Find m \\angle 8.",
  "choices": [
    "28",
    "28.5",
    "56",
    "57"
  ],
  "answer": "B",
  "detailed_solution": " ",
  "problem_type_graph": [
    "Triangle"
  ],
  "problem_type_goal": [
    "Angle"
  ],
  "source": "textbook1_chapter_4.pdf",
  "comment": "hard",
  "id": 1133,
  "annot_id": "Shibiao_2020-03-21_12_24_40",
  "is_standard": false,
  "compact_choices": [
    "28",
    "28.5",
    "56",
    "57"
  ],
  "precise_value": [
    28.0,
    28.5,
    56.0,
    57.0
  ],
  "rough_value": [
    28,
    28.5,
    56,
    57
  ],
  "compact_text": "Find m \\angle 8.",
  "annotat_text": "Find $m \\angle 8$.",
  "unit": "",
  "img_width": 536,
  "img_height": 483,
  "data_type": "train",
  "date": "Fri Sep 18 22:23:14 2020",
  "system": "linux"
}