{
  "problem_text": "Find x.",
  "choices": [
    "12",
    "13",
    "14",
    "15"
  ],
  "answer": "B",
  "detailed_solution": " ",
  "problem_type_graph": [
    "Circle"
  ],
  "problem_type_goal": [
    "Length"
  ],
  "source": "textbook1_chapter_10.pdf",
  "comment": "",
  "id": 12,
  "annot_id": "pan_2020-03-27_21_08_10",
  "is_standard": false,
  "compact_choices": [
    "12",
    "13",
    "14",
    "15"
  ],
  "precise_value": [
    12.0,
    13.0,
    14.0,
    15.0
  ],
  "rough_value": [
    12,
    13,
    14,
    15
  ],
  "compact_text": "Find x.",
  "annotat_text": "Find x. Assume that segments that appear to be tangent are tangent.",
  "unit": "",
  "img_width": 336,
  "img_height": 257,
  "data_type": "train",
  "date": "Fri Sep 18 22:23:14 2020",
  "system": "linux"
}