{
  "problem_text": "If A C = 12 and A B = 25, what is the measure of \\angle B to the nearest tenth?",
  "choices": [
    "25.6",
    "28.7",
    "61.3",
    "64.4"
  ],
  "answer": "B",
  "detailed_solution": " ",
  "problem_type_graph": [
    "Triangle"
  ],
  "problem_type_goal": [
    "Angle"
  ],
  "source": "textbook1_chapter_8.pdf",
  "comment": "Standardized Test Practice",
  "id": 1044,
  "annot_id": "pan_2020-03-25_18_48_06",
  "is_standard": true,
  "compact_choices": [
    "25.6",
    "28.7",
    "61.3",
    "64.4"
  ],
  "precise_value": [
    25.6,
    28.7,
    61.3,
    64.4
  ],
  "rough_value": [
    25.6,
    28.7,
    61.3,
    64.4
  ],
  "compact_text": "If AC = 12 and AB = 25, what is the measure of \\angle B to the nearest tenth?",
  "annotat_text": "If $AC = 12$ and $AB = 25$, what is the measure of $\u2220B$ to the nearest tenth?",
  "unit": "",
  "img_width": 349,
  "img_height": 189,
  "data_type": "train",
  "date": "Fri Sep 18 22:23:14 2020",
  "system": "linux"
}