{
  "problem_text": "What is the value of x in the figure below? Round to the nearest tenth.",
  "choices": [
    "10.5",
    "11.1",
    "13.6",
    "14.2"
  ],
  "answer": "B",
  "detailed_solution": " ",
  "problem_type_graph": [
    "Triangle"
  ],
  "problem_type_goal": [
    "Length"
  ],
  "source": "textbook1_chapter_8.pdf",
  "comment": "Standardized Test Practice",
  "id": 1174,
  "annot_id": "pan_2020-03-25_23_31_03",
  "is_standard": true,
  "compact_choices": [
    "10.5",
    "11.1",
    "13.6",
    "14.2"
  ],
  "precise_value": [
    10.5,
    11.1,
    13.6,
    14.2
  ],
  "rough_value": [
    10.5,
    11.1,
    13.6,
    14.2
  ],
  "compact_text": "What is the value of x in the figure below? Round to the nearest tenth.",
  "annotat_text": "What is the value of x in the figure below? Round to the nearest tenth.",
  "unit": "",
  "img_width": 317,
  "img_height": 248,
  "data_type": "train",
  "date": "Fri Sep 18 22:23:14 2020",
  "system": "linux"
}