{
  "problem_text": "P M is a diameter of \\odot R. Find m \\widehat M Q.",
  "choices": [
    "45",
    "55",
    "65",
    "75"
  ],
  "answer": "C",
  "detailed_solution": " ",
  "problem_type_graph": [
    "Circle"
  ],
  "problem_type_goal": [
    "Angle"
  ],
  "source": "textbook1_chapter_10.pdf",
  "comment": "",
  "id": 110,
  "annot_id": "Shibiao_2020-03-27_11_49_05",
  "is_standard": false,
  "compact_choices": [
    "45",
    "55",
    "65",
    "75"
  ],
  "precise_value": [
    45.0,
    55.0,
    65.0,
    75.0
  ],
  "rough_value": [
    45,
    55,
    65,
    75
  ],
  "compact_text": "PM is a diameter of \\odot R. Find m \\widehat MQ.",
  "annotat_text": "$\\overline{PM}$ is a diameter of $\\odot R$. Find $m \\widehat {MQ}$.",
  "unit": "",
  "img_width": 528,
  "img_height": 514,
  "data_type": "train",
  "date": "Fri Sep 18 22:23:14 2020",
  "system": "linux"
}