{
  "text_logic_form": [
    "IsDiameterOf(Line(P,M),Circle(R))",
    "Find(MeasureOf(Arc(M,Q)))"
  ],
  "dissolved_text_logic_form": [
    "IsDiameterOf(Line(P,M),Circle(R))",
    "Find(MeasureOf(Arc(M,Q)))"
  ],
  "diagram_logic_form": [
    "Equals(MeasureOf(Angle(P, R, Q)), 115)",
    "PointLiesOnLine(R, Line(M, P))",
    "PointLiesOnCircle(Q, Circle(R, radius_1_0))",
    "PointLiesOnCircle(M, Circle(R, radius_1_0))",
    "PointLiesOnCircle(P, Circle(R, radius_1_0))",
    "PointLiesOnCircle(N, Circle(R, radius_1_0))",
    "Perpendicular(Line(R, P), Line(R, N))"
  ],
  "line_instances": [
    "MP",
    "QR",
    "RM",
    "RN",
    "RP"
  ],
  "point_positions": {
    "M": [
      134.0,
      345.0
    ],
    "N": [
      4.0,
      139.0
    ],
    "P": [
      215.0,
      6.0
    ],
    "Q": [
      312.0,
      283.0
    ],
    "R": [
      173.0,
      172.0
    ]
  },
  "circle_instances": [
    "R"
  ]
}