{
  "problem_text": "Find the perimeter or circumference of the figure. Round to the nearest tenth.",
  "choices": [
    "12",
    "14",
    "16",
    "18"
  ],
  "answer": "C",
  "detailed_solution": " ",
  "problem_type_graph": [
    "Triangle"
  ],
  "problem_type_goal": [
    "Length"
  ],
  "source": "textbook1_chapter_3.pdf",
  "comment": "",
  "id": 1201,
  "annot_id": "pan_2020-03-15_04_47_42",
  "is_standard": false,
  "unit": "cm",
  "compact_choices": [
    "12",
    "14",
    "16",
    "18"
  ],
  "precise_value": [
    12.0,
    14.0,
    16.0,
    18.0
  ],
  "rough_value": [
    12,
    14,
    16,
    18
  ],
  "compact_text": "Find the perimeter or circumference of the figure. Round to the nearest tenth.",
  "annotat_text": "Find the perimeter or circumference of the figure. Round to the nearest tenth.",
  "img_width": 218,
  "img_height": 192,
  "data_type": "train",
  "date": "Fri Sep 18 22:23:14 2020",
  "system": "linux"
}