{
  "problem_text": "Find x. Round the side measure to the nearest tenth.",
  "choices": [
    "8.7",
    "14.6",
    "22.2",
    "37.2"
  ],
  "answer": "D",
  "detailed_solution": " ",
  "problem_type_graph": [
    "Triangle"
  ],
  "problem_type_goal": [
    "Length"
  ],
  "source": "textbook1_chapter_8.pdf",
  "comment": "",
  "id": 1067,
  "annot_id": "pan_2020-03-25_20_43_31",
  "is_standard": false,
  "compact_choices": [
    "8.7",
    "14.6",
    "22.2",
    "37.2"
  ],
  "precise_value": [
    8.7,
    14.6,
    22.2,
    37.2
  ],
  "rough_value": [
    8.7,
    14.6,
    22.2,
    37.2
  ],
  "compact_text": "Find x. Round the side measure to the nearest tenth.",
  "annotat_text": "Find x. Round the side measure to the nearest tenth.",
  "unit": "",
  "img_width": 325,
  "img_height": 185,
  "data_type": "train",
  "date": "Fri Sep 18 22:23:14 2020",
  "system": "linux"
}