{
  "problem_text": "Quadrilateral M N O P is a rhombus. If P R = 12, find R N.",
  "choices": [
    "6",
    "12",
    "20",
    "24"
  ],
  "answer": "B",
  "detailed_solution": " ",
  "problem_type_graph": [
    "Rhombus"
  ],
  "problem_type_goal": [
    "Length"
  ],
  "source": "textbook1_chapter6.pdf page 64",
  "comment": "",
  "id": 1068,
  "annot_id": "Ran_2020-03-20_02_52_42",
  "is_standard": false,
  "compact_choices": [
    "6",
    "12",
    "20",
    "24"
  ],
  "precise_value": [
    6.0,
    12.0,
    20.0,
    24.0
  ],
  "rough_value": [
    6,
    12,
    20,
    24
  ],
  "compact_text": "Quadrilateral MNOP is a rhombus. If PR = 12, find RN.",
  "annotat_text": "Quadrilateral MNOP is a rhombus. If PR = 12, find RN.",
  "unit": "",
  "img_width": 441,
  "img_height": 322,
  "data_type": "train",
  "date": "Fri Sep 18 22:23:14 2020",
  "system": "linux"
}