{
  "text_logic_form": [
    "Find(x)"
  ],
  "dissolved_text_logic_form": [
    "Find(x)"
  ],
  "diagram_logic_form": [
    "Equals(LengthOf(Line(T, U)), x+2)",
    "Equals(LengthOf(Line(V, U)), 3)",
    "Equals(LengthOf(Line(S, T)), 4)",
    "Equals(LengthOf(Line(R, S)), 2x)",
    "PointLiesOnLine(S, Line(R, T))",
    "PointLiesOnLine(U, Line(T, V))",
    "Perpendicular(Line(S, T), Line(S, U))",
    "Perpendicular(Line(R, V), Line(V, U))"
  ],
  "line_instances": [
    "ST",
    "SU",
    "RS",
    "RT",
    "RV",
    "TU",
    "TV",
    "VU"
  ],
  "point_positions": {
    "S": [
      168.0,
      84.0
    ],
    "R": [
      1.0,
      0.0
    ],
    "T": [
      320.0,
      161.0
    ],
    "U": [
      128.0,
      161.0
    ],
    "V": [
      0.0,
      161.0
    ]
  },
  "circle_instances": [
    ""
  ]
}