{
  "problem_text": "Find y.",
  "choices": [
    "6.5",
    "7",
    "7.5",
    "9"
  ],
  "answer": "C",
  "detailed_solution": " ",
  "problem_type_graph": [
    "Line"
  ],
  "problem_type_goal": [
    "Length"
  ],
  "source": "textbook1_chapter_7.pdf",
  "comment": "complicated picture with multiple lines",
  "id": 1105,
  "annot_id": "Shibiao_2020-03-22_11_30_56",
  "is_standard": false,
  "compact_choices": [
    "6.5",
    "7",
    "7.5",
    "9"
  ],
  "precise_value": [
    6.5,
    7.0,
    7.5,
    9.0
  ],
  "rough_value": [
    6.5,
    7,
    7.5,
    9
  ],
  "compact_text": "Find y.",
  "annotat_text": "Find $y$.",
  "unit": "",
  "img_width": 816,
  "img_height": 456,
  "data_type": "train",
  "date": "Fri Sep 18 22:23:14 2020",
  "system": "linux"
}