{
  "problem_text": "Find x.",
  "choices": [
    "22",
    "28",
    "32",
    "36"
  ],
  "answer": "B",
  "detailed_solution": " ",
  "problem_type_graph": [
    "Triangle"
  ],
  "problem_type_goal": [
    "Angle"
  ],
  "source": "textbook1_chapter_4.pdf",
  "comment": "hard",
  "id": 1124,
  "annot_id": "Shibiao_2020-03-21_16_16_35",
  "is_standard": true,
  "compact_choices": [
    "22",
    "28",
    "32",
    "36"
  ],
  "precise_value": [
    22.0,
    28.0,
    32.0,
    36.0
  ],
  "rough_value": [
    22,
    28,
    32,
    36
  ],
  "compact_text": "Find x.",
  "annotat_text": "Find $x$.",
  "unit": "",
  "img_width": 931,
  "img_height": 403,
  "data_type": "train",
  "date": "Fri Sep 18 22:23:14 2020",
  "system": "linux"
}