{
  "problem_text": "Find the area of the shaded region. Assume that all polygons that appear to be regular are regular. Round to the nearest tenth.",
  "choices": [
    "25",
    "28.5",
    "30.4",
    "50"
  ],
  "answer": "C",
  "detailed_solution": " ",
  "problem_type_graph": [
    "Circle",
    "Square"
  ],
  "problem_type_goal": [
    "Area"
  ],
  "source": "Textbook 2_Chapter 11 - Areas of Polygons and Circles.pdf",
  "comment": "Complex shaded area shape",
  "id": 1101,
  "annot_id": "pan_2020-03-22_05_56_39",
  "is_standard": false,
  "compact_choices": [
    "25",
    "28.5",
    "30.4",
    "50"
  ],
  "precise_value": [
    25.0,
    28.5,
    30.4,
    50.0
  ],
  "rough_value": [
    25,
    28.5,
    30.4,
    50
  ],
  "compact_text": "Find the area of the shaded region. Assume that all polygons that appear to be regular are regular. Round to the nearest tenth.",
  "annotat_text": "Find the area of the shaded region. Assume that all polygons that appear to be regular are regular. Round to the nearest tenth.",
  "unit": "",
  "img_width": 285,
  "img_height": 169,
  "data_type": "train",
  "date": "Fri Sep 18 22:23:14 2020",
  "system": "linux"
}