{
  "problem_text": "Find M P.",
  "choices": [
    "6",
    "8",
    "10",
    "12"
  ],
  "answer": "B",
  "detailed_solution": " ",
  "problem_type_graph": [
    "Line",
    "Triangle"
  ],
  "problem_type_goal": [
    "Length"
  ],
  "source": "textbook1_chapter_7.pdf",
  "comment": "",
  "id": 1098,
  "annot_id": "Shibiao_2020-03-22_09_58_13",
  "is_standard": false,
  "compact_choices": [
    "6",
    "8",
    "10",
    "12"
  ],
  "precise_value": [
    6.0,
    8.0,
    10.0,
    12.0
  ],
  "rough_value": [
    6,
    8,
    10,
    12
  ],
  "compact_text": "Find MP.",
  "annotat_text": "Find $MP$.",
  "unit": "",
  "img_width": 521,
  "img_height": 467,
  "data_type": "train",
  "date": "Fri Sep 18 22:23:14 2020",
  "system": "linux"
}