{
  "problem_text": "Find x.",
  "choices": [
    "32",
    "57",
    "58",
    "91"
  ],
  "answer": "D",
  "detailed_solution": " ",
  "problem_type_graph": [
    "Triangle"
  ],
  "problem_type_goal": [
    "Angle"
  ],
  "source": "textbook2_chapter6.pdf page 18",
  "comment": "",
  "id": 1203,
  "annot_id": "Ran_2020-03-20_05_58_20",
  "is_standard": false,
  "compact_choices": [
    "32",
    "57",
    "58",
    "91"
  ],
  "precise_value": [
    32.0,
    57.0,
    58.0,
    91.0
  ],
  "rough_value": [
    32,
    57,
    58,
    91
  ],
  "compact_text": "Find x.",
  "annotat_text": "Find x",
  "unit": "",
  "img_width": 342,
  "img_height": 244,
  "data_type": "train",
  "date": "Fri Sep 18 22:23:14 2020",
  "system": "linux"
}