{
  "text_logic_form": [
    "Find(x)"
  ],
  "dissolved_text_logic_form": [
    "Find(x)"
  ],
  "diagram_logic_form": [
    "Equals(MeasureOf(Angle(C, B, A)), 57)",
    "Equals(MeasureOf(Angle(B, A, C)), 32)",
    "Equals(MeasureOf(Angle(A, C, B)), x)"
  ],
  "line_instances": [
    "AB",
    "AC",
    "BC"
  ],
  "circle_instances": [],
  "point_positions": {
    "A": [
      0.0,
      192.0
    ],
    "B": [
      304.3361621553799,
      0.8736383442265918
    ],
    "C": [
      305.0,
      191.0
    ]
  }
}