{
  "problem_text": "Find x.",
  "choices": [
    "7",
    "7 \\sqrt { 2 }",
    "14",
    "7 \\sqrt { 6 }"
  ],
  "answer": "B",
  "detailed_solution": " ",
  "problem_type_graph": [
    "Triangle"
  ],
  "problem_type_goal": [
    "Length"
  ],
  "source": "textbook1_chapter_8.pdf",
  "comment": "",
  "id": 1064,
  "annot_id": "pan_2020-03-25_18_54_56",
  "is_standard": false,
  "compact_choices": [
    "7",
    "7\\sqrt{2}",
    "14",
    "7\\sqrt{6}"
  ],
  "precise_value": [
    7.0,
    9.899494936611665,
    14.0,
    17.146428199482244
  ],
  "rough_value": [
    7,
    9.9,
    14,
    17.15
  ],
  "compact_text": "Find x.",
  "annotat_text": "Find x.",
  "unit": "",
  "img_width": 306,
  "img_height": 203,
  "data_type": "train",
  "date": "Fri Sep 18 22:23:14 2020",
  "system": "linux"
}