{
  "problem_text": "Find x.",
  "choices": [
    "\\frac { 4 } { 9 }",
    "\\frac { 4 } { 9 } \\sqrt { 2 }",
    "\\frac { 4 } { 9 } \\sqrt { 3 }",
    "\\frac { 4 } { 9 } \\sqrt { 5 }"
  ],
  "answer": "C",
  "detailed_solution": " ",
  "problem_type_graph": [
    "Triangle"
  ],
  "problem_type_goal": [
    "Length"
  ],
  "source": "textbook1_chapter_8.pdf",
  "comment": "",
  "id": 1090,
  "annot_id": "pan_2020-03-23_22_43_14",
  "is_standard": false,
  "compact_choices": [
    "\\frac{4}{9}",
    "\\frac{4}{9}\\sqrt{2}",
    "\\frac{4}{9}\\sqrt{3}",
    "\\frac{4}{9}\\sqrt{5}"
  ],
  "precise_value": [
    0.4444444444444444,
    0.6285393610547089,
    0.7698003589195009,
    0.9938079899999065
  ],
  "rough_value": [
    0.44,
    0.63,
    0.77,
    0.99
  ],
  "compact_text": "Find x.",
  "annotat_text": "Find x.",
  "unit": "",
  "img_width": 211,
  "img_height": 311,
  "data_type": "train",
  "date": "Fri Sep 18 22:23:14 2020",
  "system": "linux"
}