{
  "problem_text": "Find x. Round to the nearest tenth, if necessary.",
  "choices": [
    "2.7",
    "3",
    "4",
    "5.3"
  ],
  "answer": "D",
  "detailed_solution": " ",
  "problem_type_graph": [
    "Line",
    "Circle"
  ],
  "problem_type_goal": [
    "Length"
  ],
  "source": "textbook2_chapter10.pdf page 54",
  "comment": "",
  "id": 1140,
  "annot_id": "Ran_2020-03-29_05_09_22",
  "is_standard": false,
  "compact_choices": [
    "2.7",
    "3",
    "4",
    "5.3"
  ],
  "precise_value": [
    2.7,
    3.0,
    4.0,
    5.3
  ],
  "rough_value": [
    2.7,
    3,
    4,
    5.3
  ],
  "compact_text": "Find x. Round to the nearest tenth, if necessary.",
  "annotat_text": "Find x. Round to the nearest tenth, if necessary.",
  "unit": "",
  "img_width": 270,
  "img_height": 250,
  "data_type": "train",
  "date": "Fri Sep 18 22:23:14 2020",
  "system": "linux"
}