{
  "problem_text": "Find \\sin A.",
  "choices": [
    "\\sqrt { 26 } / 26",
    "\\sqrt { 26 } / 22",
    "\\sqrt { 26 } / 5",
    "\\sqrt { 26 } / 3"
  ],
  "answer": "A",
  "detailed_solution": " ",
  "problem_type_graph": [
    "Triangle"
  ],
  "problem_type_goal": [
    "Ratio"
  ],
  "source": "textbook2_chapter7.pdf page 29",
  "comment": "",
  "id": 1061,
  "annot_id": "Ran_2020-03-22_06_51_59",
  "is_standard": false,
  "compact_choices": [
    "\\sqrt{26}/26",
    "\\sqrt{26}/22",
    "\\sqrt{26}/5",
    "\\sqrt{26}/3"
  ],
  "precise_value": [
    0.19611613513818402,
    0.23177361425421747,
    1.0198039027185568,
    1.6996731711975948
  ],
  "rough_value": [
    0.2,
    0.23,
    1.02,
    1.7
  ],
  "compact_text": "Find \\sin A.",
  "annotat_text": "Find sinA",
  "unit": "",
  "img_width": 805,
  "img_height": 265,
  "data_type": "train",
  "date": "Fri Sep 18 22:23:14 2020",
  "system": "linux"
}