{
  "problem_text": "In rhombus L M P Q, m \\angle Q L M = 2 x^ { 2 } - 10, m \\angle Q P M = 8 x, and M P = 10. Find m \\angle L P Q.",
  "choices": [
    "20",
    "30",
    "45",
    "60"
  ],
  "answer": "A",
  "detailed_solution": " ",
  "problem_type_graph": [
    "Parallelogram"
  ],
  "problem_type_goal": [
    "Angle"
  ],
  "source": "textbook2_chapter8.pdf page 20",
  "comment": "",
  "id": 1130,
  "annot_id": "Ran_2020-03-27_05_27_28",
  "is_standard": false,
  "compact_choices": [
    "20",
    "30",
    "45",
    "60"
  ],
  "precise_value": [
    20.0,
    30.0,
    45.0,
    60.0
  ],
  "rough_value": [
    20,
    30,
    45,
    60
  ],
  "compact_text": "In rhombus LMPQ, m \\angle QLM = 2x^{2}-10, m \\angle QPM = 8x, and MP = 10. Find m \\angle LPQ.",
  "annotat_text": "In rhombus LMPQ, $m \\angle Q L M=2 x^{2}-10$, $m \\angle Q P M=8 x$,  and $M P=10$ . \r\nFind $m \\angle L P Q$",
  "unit": "",
  "img_width": 337,
  "img_height": 177,
  "data_type": "train",
  "date": "Fri Sep 18 22:23:14 2020",
  "system": "linux"
}