{
  "problem_text": "Find x. Round to the nearest tenth if necessary. Assume that segments that appear to be tangent are tangent.",
  "choices": [
    "2",
    "4",
    "6",
    "8"
  ],
  "answer": "C",
  "detailed_solution": " ",
  "problem_type_graph": [
    "Line",
    "Circle"
  ],
  "problem_type_goal": [
    "Length"
  ],
  "source": "textbook2_chapter10.pdf page 53",
  "comment": "",
  "id": 1020,
  "annot_id": "Ran_2020-03-29_05_05_28",
  "is_standard": false,
  "compact_choices": [
    "2",
    "4",
    "6",
    "8"
  ],
  "precise_value": [
    2.0,
    4.0,
    6.0,
    8.0
  ],
  "rough_value": [
    2,
    4,
    6,
    8
  ],
  "compact_text": "Find x. Round to the nearest tenth if necessary. Assume that segments that appear to be tangent are tangent.",
  "annotat_text": "Find x. Round to the nearest tenth if necessary. Assume that segments that appear\r\nto be tangent are tangent.",
  "unit": "",
  "img_width": 218,
  "img_height": 205,
  "data_type": "train",
  "date": "Fri Sep 18 22:23:14 2020",
  "system": "linux"
}