{
  "problem_text": "If Q R S T is a kite, find m \\angle R S T.",
  "choices": [
    "39",
    "68",
    "78",
    "136"
  ],
  "answer": "C",
  "detailed_solution": " ",
  "problem_type_graph": [
    "Other"
  ],
  "problem_type_goal": [
    "Angle"
  ],
  "source": "textbook1_chapter6.pdf page 63",
  "comment": "",
  "id": 1052,
  "annot_id": "Ran_2020-03-20_02_46_19",
  "is_standard": false,
  "compact_choices": [
    "39",
    "68",
    "78",
    "136"
  ],
  "precise_value": [
    39.0,
    68.0,
    78.0,
    136.0
  ],
  "rough_value": [
    39,
    68,
    78,
    136
  ],
  "compact_text": "If QRST is a kite, find m \\angle RST.",
  "annotat_text": "If QRST is a kite, find $m\\angle RST$.",
  "unit": "",
  "img_width": 423,
  "img_height": 438,
  "data_type": "train",
  "date": "Fri Sep 18 22:23:14 2020",
  "system": "linux"
}