{
  "problem_text": "Find m \\angle Z.",
  "choices": [
    "60",
    "80",
    "120",
    "135"
  ],
  "answer": "B",
  "detailed_solution": " ",
  "problem_type_graph": [
    "Circle"
  ],
  "problem_type_goal": [
    "Angle"
  ],
  "source": "textbook1_chapter_10.pdf",
  "comment": "",
  "id": 1199,
  "annot_id": "Shibiao_2020-03-28_09_37_30",
  "is_standard": false,
  "compact_choices": [
    "60",
    "80",
    "120",
    "135"
  ],
  "precise_value": [
    60.0,
    80.0,
    120.0,
    135.0
  ],
  "rough_value": [
    60,
    80,
    120,
    135
  ],
  "compact_text": "Find m \\angle Z.",
  "annotat_text": "Find $m \\angle Z$.",
  "unit": "",
  "img_width": 530,
  "img_height": 453,
  "data_type": "train",
  "date": "Fri Sep 18 22:23:14 2020",
  "system": "linux"
}