{
  "problem_text": "Find m \\angle 4.",
  "choices": [
    "10",
    "15",
    "35",
    "55"
  ],
  "answer": "B",
  "detailed_solution": " ",
  "problem_type_graph": [
    "Triangle"
  ],
  "problem_type_goal": [
    "Angle"
  ],
  "source": "textbook1_chapter_4.pdf",
  "comment": "need to check the sign in the picture carefully",
  "id": 1060,
  "annot_id": "Shibiao_2020-03-21_13_06_45",
  "is_standard": false,
  "compact_choices": [
    "10",
    "15",
    "35",
    "55"
  ],
  "precise_value": [
    10.0,
    15.0,
    35.0,
    55.0
  ],
  "rough_value": [
    10,
    15,
    35,
    55
  ],
  "compact_text": "Find m \\angle 4.",
  "annotat_text": "Find $m \\angle 4$.",
  "unit": "",
  "img_width": 630,
  "img_height": 377,
  "data_type": "train",
  "date": "Fri Sep 18 22:23:14 2020",
  "system": "linux"
}