{
  "problem_text": "Find the area of the quadrilateral.",
  "choices": [
    "120",
    "240",
    "360",
    "480"
  ],
  "answer": "B",
  "detailed_solution": " ",
  "problem_type_graph": [
    "Triangle",
    "Rhombus"
  ],
  "problem_type_goal": [
    "Area"
  ],
  "source": "Textbook 2_Chapter 11 - Areas of Polygons and Circles.pdf",
  "comment": "",
  "id": 1197,
  "annot_id": "pan_2020-03-21_22_47_29",
  "is_standard": false,
  "unit": "m^2",
  "compact_choices": [
    "120",
    "240",
    "360",
    "480"
  ],
  "precise_value": [
    120.0,
    240.0,
    360.0,
    480.0
  ],
  "rough_value": [
    120,
    240,
    360,
    480
  ],
  "compact_text": "Find the area of the quadrilateral.",
  "annotat_text": "Find the area of the quadrilateral.",
  "img_width": 231,
  "img_height": 275,
  "data_type": "train",
  "date": "Fri Sep 18 22:23:14 2020",
  "system": "linux"
}