{
  "problem_text": "Find y.",
  "choices": [
    "4",
    "6",
    "8",
    "14"
  ],
  "answer": "B",
  "detailed_solution": " ",
  "problem_type_graph": [
    "Triangle"
  ],
  "problem_type_goal": [
    "Length"
  ],
  "source": "textbook1_chapter_4.pdf",
  "comment": "",
  "id": 1000,
  "annot_id": "Shibiao_2020-03-21_14_22_05",
  "is_standard": false,
  "compact_choices": [
    "4",
    "6",
    "8",
    "14"
  ],
  "precise_value": [
    4.0,
    6.0,
    8.0,
    14.0
  ],
  "rough_value": [
    4,
    6,
    8,
    14
  ],
  "compact_text": "Find y.",
  "annotat_text": "Find $y$.",
  "unit": "",
  "img_width": 622,
  "img_height": 366,
  "data_type": "train",
  "date": "Fri Sep 18 22:23:14 2020",
  "system": "linux"
}