{
  "problem_text": "Find x. Assume that segments that appear to be tangent are tangent.",
  "choices": [
    "2",
    "3",
    "4",
    "5"
  ],
  "answer": "C",
  "detailed_solution": " ",
  "problem_type_graph": [
    "Circle"
  ],
  "problem_type_goal": [
    "Length"
  ],
  "source": "textbook1_chapter_10.pdf",
  "comment": "",
  "id": 1175,
  "annot_id": "pan_2020-03-27_22_31_12",
  "is_standard": false,
  "compact_choices": [
    "2",
    "3",
    "4",
    "5"
  ],
  "precise_value": [
    2.0,
    3.0,
    4.0,
    5.0
  ],
  "rough_value": [
    2,
    3,
    4,
    5
  ],
  "compact_text": "Find x. Assume that segments that appear to be tangent are tangent.",
  "annotat_text": "Find x. Assume that segments that appear to be tangent are tangent.",
  "unit": "",
  "img_width": 312,
  "img_height": 308,
  "data_type": "train",
  "date": "Fri Sep 18 22:23:14 2020",
  "system": "linux"
}