{
  "problem_text": "Find y.",
  "choices": [
    "3 \\sqrt { 2 }",
    "6 \\sqrt { 2 }",
    "6 \\sqrt { 3 }",
    "12"
  ],
  "answer": "B",
  "detailed_solution": " ",
  "problem_type_graph": [
    "Triangle"
  ],
  "problem_type_goal": [
    "Length"
  ],
  "source": "textbook1_chapter_8.pdf",
  "comment": "",
  "id": 1158,
  "annot_id": "pan_2020-03-24_03_20_59",
  "is_standard": false,
  "compact_choices": [
    "3\\sqrt{2}",
    "6\\sqrt{2}",
    "6\\sqrt{3}",
    "12"
  ],
  "precise_value": [
    4.242640687119286,
    8.485281374238571,
    10.392304845413264,
    12.0
  ],
  "rough_value": [
    4.24,
    8.49,
    10.39,
    12
  ],
  "compact_text": "Find y.",
  "annotat_text": "Find y.",
  "unit": "",
  "img_width": 320,
  "img_height": 223,
  "data_type": "train",
  "date": "Fri Sep 18 22:23:14 2020",
  "system": "linux"
}