{
  "problem_text": "P is the incenter of \\angle X Y Z. Find P K.",
  "choices": [
    "8",
    "12",
    "16",
    "20"
  ],
  "answer": "C",
  "detailed_solution": " ",
  "problem_type_graph": [
    "Triangle"
  ],
  "problem_type_goal": [
    "Length"
  ],
  "source": "textbook1_chapter_5.pdf",
  "comment": "give up",
  "id": 1188,
  "annot_id": "Shibiao_2020-03-22_03_32_43",
  "is_standard": false,
  "compact_choices": [
    "8",
    "12",
    "16",
    "20"
  ],
  "precise_value": [
    8.0,
    12.0,
    16.0,
    20.0
  ],
  "rough_value": [
    8,
    12,
    16,
    20
  ],
  "compact_text": "P is the incenter of \\angle XYZ. Find PK.",
  "annotat_text": "$P$ is the incenter of $\\angle XYZ$. Find $PK$.",
  "unit": "",
  "img_width": 573,
  "img_height": 543,
  "data_type": "train",
  "date": "Fri Sep 18 22:23:14 2020",
  "system": "linux"
}