{
  "text_logic_form": [
    "IsIncenterOf(Point(P),Angle(X,Y,Z))",
    "Find(LengthOf(Line(P,K)))"
  ],
  "dissolved_text_logic_form": [
    "IsIncenterOf(Point(P),Angle(X,Y,Z))",
    "Find(LengthOf(Line(P,K)))"
  ],
  "diagram_logic_form": [
    "Equals(MeasureOf(Angle(Y, X, A)), 31)",
    "Equals(MeasureOf(Angle(B, Y, G)), 27)",
    "Equals(LengthOf(Line(C, B)), 20)",
    "Equals(LengthOf(Line(J, B)), 12)",
    "PointLiesOnLine(C, Line(A, J))",
    "PointLiesOnLine(F, Line(A, J))",
    "PointLiesOnLine(G, Line(A, J))",
    "PointLiesOnLine(C, Line(A, F))",
    "PointLiesOnLine(G, Line(A, F))",
    "PointLiesOnLine(C, Line(A, G))",
    "PointLiesOnLine(K, Line(X, Y))",
    "PointLiesOnLine(L, Line(X, B))",
    "PointLiesOnLine(A, Line(X, C))",
    "PointLiesOnLine(C, Line(X, F))",
    "PointLiesOnLine(G, Line(X, F))",
    "PointLiesOnLine(C, Line(X, G))",
    "PointLiesOnLine(F, Line(J, C))",
    "PointLiesOnLine(G, Line(J, C))",
    "PointLiesOnLine(F, Line(J, G))",
    "PointLiesOnLine(E, Line(C, B))",
    "PointLiesOnLine(P, Line(C, D))",
    "PointLiesOnLine(G, Line(C, F))",
    "PointLiesOnLine(D, Line(C, K))",
    "PointLiesOnLine(P, Line(C, K))",
    "PointLiesOnLine(D, Line(G, K))",
    "PointLiesOnLine(J, Line(Y, B))",
    "PointLiesOnLine(C, Line(Y, L))",
    "PointLiesOnLine(C, Line(B, D))",
    "PointLiesOnLine(P, Line(B, D))",
    "PointLiesOnLine(C, Line(B, P))",
    "PointLiesOnLine(C, Line(B, K))",
    "PointLiesOnLine(D, Line(B, K))",
    "PointLiesOnLine(P, Line(B, K))",
    "PointLiesOnLine(C, Line(K, E))",
    "PointLiesOnLine(D, Line(K, E))",
    "PointLiesOnLine(P, Line(K, E))",
    "PointLiesOnLine(D, Line(K, P))",
    "PointLiesOnLine(C, Line(D, E))",
    "PointLiesOnLine(P, Line(D, E))",
    "PointLiesOnLine(C, Line(E, P))",
    "Perpendicular(Line(Y, K), Line(D, P))",
    "Perpendicular(Line(J, F), Line(J, Y))"
  ],
  "line_instances": [
    "AC",
    "AF",
    "AG",
    "AJ",
    "AX",
    "BD",
    "BE",
    "BK",
    "BL",
    "BP",
    "CB",
    "CD",
    "CE",
    "CF",
    "CG",
    "CK",
    "CL",
    "CP",
    "CY",
    "DE",
    "DP",
    "EP",
    "FG",
    "GB",
    "GD",
    "GE",
    "GK",
    "GL",
    "GP",
    "GY",
    "JB",
    "JC",
    "JF",
    "JG",
    "JY",
    "KD",
    "KE",
    "KP",
    "XB",
    "XC",
    "XF",
    "XG",
    "XJ",
    "XK",
    "XL",
    "XY",
    "YB",
    "YK",
    "YL"
  ],
  "point_positions": {
    "A": [
      86.0,
      130.0
    ],
    "B": [
      14.0,
      367.0
    ],
    "C": [
      116.0,
      183.0
    ],
    "D": [
      158.0,
      105.0
    ],
    "E": [
      87.0,
      242.0
    ],
    "F": [
      146.0,
      230.0
    ],
    "G": [
      122.0,
      192.0
    ],
    "J": [
      174.0,
      281.0
    ],
    "K": [
      169.0,
      82.0
    ],
    "L": [
      7.0,
      186.0
    ],
    "P": [
      140.0,
      137.0
    ],
    "X": [
      0.0,
      2.0
    ],
    "Y": [
      367.0,
      176.0
    ]
  },
  "circle_instances": [
    ""
  ]
}