{
  "problem_text": "Find x.",
  "choices": [
    "22",
    "24",
    "43",
    "68"
  ],
  "answer": "A",
  "detailed_solution": " ",
  "problem_type_graph": [
    "Circle"
  ],
  "problem_type_goal": [
    "Angle"
  ],
  "source": "textbook2_chapter10.pdf page 66",
  "comment": "",
  "id": 1119,
  "annot_id": "Ran_2020-03-29_05_57_55",
  "is_standard": false,
  "compact_choices": [
    "22",
    "24",
    "43",
    "68"
  ],
  "precise_value": [
    22.0,
    24.0,
    43.0,
    68.0
  ],
  "rough_value": [
    22,
    24,
    43,
    68
  ],
  "compact_text": "Find x.",
  "annotat_text": "Find x",
  "unit": "",
  "img_width": 258,
  "img_height": 167,
  "data_type": "train",
  "date": "Fri Sep 18 22:23:14 2020",
  "system": "linux"
}