{
  "problem_text": "Find the perimeter of the triangle. Round to the nearest tenth if necessary.",
  "choices": [
    "43.0",
    "43.5",
    "48.0",
    "49.5"
  ],
  "answer": "B",
  "detailed_solution": " ",
  "problem_type_graph": [
    "Triangle"
  ],
  "problem_type_goal": [
    "Length"
  ],
  "source": "textbook1_chapter_11.pdf",
  "comment": "",
  "id": 1153,
  "annot_id": "pan_2020-03-22_23_15_11",
  "is_standard": false,
  "unit": "in",
  "compact_choices": [
    "43.0",
    "43.5",
    "48.0",
    "49.5"
  ],
  "precise_value": [
    43.0,
    43.5,
    48.0,
    49.5
  ],
  "rough_value": [
    43,
    43.5,
    48,
    49.5
  ],
  "compact_text": "Find the perimeter of the triangle. Round to the nearest tenth if necessary.",
  "annotat_text": "Find the perimeter of the triangle. Round to the nearest tenth if necessary.",
  "img_width": 372,
  "img_height": 202,
  "data_type": "train",
  "date": "Fri Sep 18 22:23:14 2020",
  "system": "linux"
}