{
  "problem_text": "In \\triangle A B C, C D is an altitude and m \\angle A C B = 90. If A D = 12 and B D = 3, find A C to the nearest tenth.",
  "choices": [
    "6.5",
    "9.0",
    "13.4",
    "15.0"
  ],
  "answer": "C",
  "detailed_solution": " ",
  "problem_type_graph": [
    "Triangle"
  ],
  "problem_type_goal": [
    "Length"
  ],
  "source": "textbook2_chapter7.pdf page 59",
  "comment": "",
  "id": 1008,
  "annot_id": "Ran_2020-03-24_06_13_09",
  "is_standard": true,
  "compact_choices": [
    "6.5",
    "9.0",
    "13.4",
    "15.0"
  ],
  "precise_value": [
    6.5,
    9.0,
    13.4,
    15.0
  ],
  "rough_value": [
    6.5,
    9,
    13.4,
    15
  ],
  "compact_text": "In \\triangle ABC, CD is an altitude and m \\angle ACB = 90. If AD = 12 and BD = 3, find AC to the nearest tenth.",
  "annotat_text": "In $\\triangle A B C, C D$ is an altitude and $m \\angle A C B=90^{\\circ}$ If $A D=12$ and $B D=3,$ find $A C$ to the nearest tenth. ",
  "unit": "",
  "img_width": 447,
  "img_height": 222,
  "data_type": "train",
  "date": "Fri Sep 18 22:23:14 2020",
  "system": "linux"
}