{
  "problem_text": "Find the area of the shaded region. Round to the nearest tenth.",
  "choices": [
    "7.1",
    "7.7",
    "21.9",
    "28.9"
  ],
  "answer": "B",
  "detailed_solution": " ",
  "problem_type_graph": [
    "Circle"
  ],
  "problem_type_goal": [
    "Area"
  ],
  "source": "Textbook 2_Chapter 11 - Areas of Polygons and Circles.pdf",
  "comment": "Complex shaded area",
  "id": 1034,
  "annot_id": "pan_2020-03-22_06_11_33",
  "is_standard": false,
  "compact_choices": [
    "7.1",
    "7.7",
    "21.9",
    "28.9"
  ],
  "precise_value": [
    7.1,
    7.7,
    21.9,
    28.9
  ],
  "rough_value": [
    7.1,
    7.7,
    21.9,
    28.9
  ],
  "compact_text": "Find the area of the shaded region. Round to the nearest tenth.",
  "annotat_text": "Find the area of the shaded region. Round to the nearest tenth.",
  "unit": "",
  "img_width": 295,
  "img_height": 255,
  "data_type": "train",
  "date": "Fri Sep 18 22:23:14 2020",
  "system": "linux"
}