{
  "problem_text": "Find the area of the shaded region. Assume the inscribed polygon is regular.",
  "choices": [
    "8.6",
    "17.2",
    "25.8",
    "44.4"
  ],
  "answer": "C",
  "detailed_solution": " ",
  "problem_type_graph": [
    "Circle",
    "Triangle"
  ],
  "problem_type_goal": [
    "Area"
  ],
  "source": "Textbook 2_Chapter 11 - Areas of Polygons and Circles.pdf",
  "comment": "",
  "id": 1087,
  "annot_id": "pan_2020-03-22_06_50_34",
  "is_standard": false,
  "unit": "units^2",
  "compact_choices": [
    "8.6",
    "17.2",
    "25.8",
    "44.4"
  ],
  "precise_value": [
    8.6,
    17.2,
    25.8,
    44.4
  ],
  "rough_value": [
    8.6,
    17.2,
    25.8,
    44.4
  ],
  "compact_text": "Find the area of the shaded region. Assume the inscribed polygon is regular.",
  "annotat_text": "Find the area of the shaded region. Assume the inscribed polygon is regular.",
  "img_width": 344,
  "img_height": 272,
  "data_type": "train",
  "date": "Fri Sep 18 22:23:14 2020",
  "system": "linux"
}