{
  "problem_text": "Find the measure of \\angle T to the nearest tenth.",
  "choices": [
    "33.7",
    "41.8",
    "48.2",
    "56.3"
  ],
  "answer": "A",
  "detailed_solution": " ",
  "problem_type_graph": [
    "Triangle"
  ],
  "problem_type_goal": [
    "Angle"
  ],
  "source": "textbook1_chapter_8.pdf",
  "comment": "",
  "id": 1112,
  "annot_id": "pan_2020-03-24_06_16_07",
  "is_standard": false,
  "compact_choices": [
    "33.7",
    "41.8",
    "48.2",
    "56.3"
  ],
  "precise_value": [
    33.7,
    41.8,
    48.2,
    56.3
  ],
  "rough_value": [
    33.7,
    41.8,
    48.2,
    56.3
  ],
  "compact_text": "Find the measure of \\angle T to the nearest tenth.",
  "annotat_text": "Find the measure of $\u2220T$ to the nearest tenth.",
  "unit": "",
  "img_width": 242,
  "img_height": 308,
  "data_type": "train",
  "date": "Fri Sep 18 22:23:14 2020",
  "system": "linux"
}