{
  "text_logic_form": [
    "UseTheorem(Pythagorean_Theorem)",
    "Find(LengthOf(HypotenuseOf(Right(Triangle($)))))"
  ],
  "dissolved_text_logic_form": [
    "UseTheorem(Pythagorean_Theorem)",
    "Find(LengthOf(HypotenuseOf(Right(Triangle(C, A, B)))))"
  ],
  "diagram_logic_form": [
    "Equals(LengthOf(Line(A, C)), 3)",
    "Equals(LengthOf(Line(A, B)), 4)",
    "Perpendicular(Line(A, C), Line(A, B))"
  ],
  "line_instances": [
    "AB",
    "AC",
    "BC"
  ],
  "point_positions": {
    "A": [
      1.0,
      110.0
    ],
    "B": [
      140.0,
      112.0
    ],
    "C": [
      0.0,
      1.0
    ]
  },
  "circle_instances": [
    ""
  ]
}