{
  "problem_text": "Find y.",
  "choices": [
    "\\frac { 5 } { 14 }",
    "\\frac { 25 } { 14 }",
    "5",
    "\\frac { 171 } { 14 }"
  ],
  "answer": "B",
  "detailed_solution": " ",
  "problem_type_graph": [
    "Triangle"
  ],
  "problem_type_goal": [
    "Length"
  ],
  "source": "textbook1_chapter_8.pdf",
  "comment": "",
  "id": 101,
  "annot_id": "pan_2020-03-23_20_24_29",
  "is_standard": false,
  "compact_choices": [
    "\\frac{5}{14}",
    "\\frac{25}{14}",
    "5",
    "\\frac{171}{14}"
  ],
  "precise_value": [
    0.35714285714285715,
    1.7857142857142858,
    5.0,
    12.214285714285714
  ],
  "rough_value": [
    0.36,
    1.79,
    5,
    12.21
  ],
  "compact_text": "Find y.",
  "annotat_text": "Find y.",
  "unit": "",
  "img_width": 396,
  "img_height": 300,
  "data_type": "train",
  "date": "Fri Sep 18 22:23:14 2020",
  "system": "linux"
}