{
  "problem_text": "Find y.",
  "choices": [
    "15",
    "18",
    "21",
    "24"
  ],
  "answer": "A",
  "detailed_solution": " ",
  "problem_type_graph": [
    "Triangle"
  ],
  "problem_type_goal": [
    "Length"
  ],
  "source": "Textbook 2_Chapter 6 - Proportions and Similarity.pdf",
  "comment": "",
  "id": 1181,
  "annot_id": "Ran_2020-04-04_05_18_49",
  "is_standard": false,
  "compact_choices": [
    "15",
    "18",
    "21",
    "24"
  ],
  "precise_value": [
    15.0,
    18.0,
    21.0,
    24.0
  ],
  "rough_value": [
    15,
    18,
    21,
    24
  ],
  "compact_text": "Find y.",
  "annotat_text": "Find y.",
  "unit": "",
  "img_width": 261,
  "img_height": 286,
  "data_type": "train",
  "date": "Fri Sep 18 22:23:14 2020",
  "system": "linux"
}