{
  "problem_text": "Find z in the figure.",
  "choices": [
    "13.5",
    "14",
    "14.5",
    "15"
  ],
  "answer": "A",
  "detailed_solution": " ",
  "problem_type_graph": [
    "Line"
  ],
  "problem_type_goal": [
    "Angle"
  ],
  "source": "Textbook 2_Chapter 3 - Parallel and Perpendicular Lines.pdf",
  "comment": "",
  "id": 1172,
  "annot_id": "pan_2020-03-17_02_58_30",
  "is_standard": false,
  "compact_choices": [
    "13.5",
    "14",
    "14.5",
    "15"
  ],
  "precise_value": [
    13.5,
    14.0,
    14.5,
    15.0
  ],
  "rough_value": [
    13.5,
    14,
    14.5,
    15
  ],
  "compact_text": "Find z in the figure.",
  "annotat_text": "Find $z$ in the figure.",
  "unit": "",
  "img_width": 377,
  "img_height": 278,
  "data_type": "train",
  "date": "Fri Sep 18 22:23:14 2020",
  "system": "linux"
}