{
  "text_logic_form": [
    "Find(z)"
  ],
  "dissolved_text_logic_form": [
    "Find(z)"
  ],
  "diagram_logic_form": [
    "Equals(MeasureOf(Angle(E, B, A)), 4z+2)",
    "Equals(MeasureOf(Angle(J, B, L)), x)",
    "Equals(MeasureOf(Angle(J, B, A)), 3y-11)",
    "Equals(MeasureOf(Angle(E, A, B)), y+19)",
    "PointLiesOnLine(B, Line(L, E))",
    "PointLiesOnLine(A, Line(E, I))",
    "PointLiesOnLine(B, Line(F, H))",
    "Perpendicular(Line(E, B), Line(A, E))",
    "Parallel(Line(M,J), Line(E,I))"
  ],
  "line_instances": [
    "AH",
    "AI",
    "BA",
    "BE",
    "BG",
    "BH",
    "BJ",
    "EA",
    "EG",
    "EI",
    "FA",
    "FB",
    "FH",
    "LB",
    "LE",
    "LG",
    "MB",
    "MJ"
  ],
  "point_positions": {
    "A": [
      206.0,
      133.0
    ],
    "B": [
      77.0,
      49.0
    ],
    "C": [
      77.0,
      195.0
    ],
    "D": [
      205.0,
      194.0
    ],
    "E": [
      206.0,
      49.0
    ],
    "F": [
      0.0,
      0.0
    ],
    "G": [
      284.0,
      50.0
    ],
    "H": [
      284.0,
      183.0
    ],
    "I": [
      204.0,
      242.0
    ],
    "J": [
      76.0,
      240.0
    ],
    "K": [
      123.0,
      56.0
    ],
    "L": [
      0.0,
      49.0
    ],
    "M": [
      77.0,
      2.0
    ],
    "N": [
      103.0,
      57.0
    ]
  },
  "circle_instances": [
    ""
  ]
}