{
  "problem_text": "Find the area of quadrilateral X Y Z W if X Z = 39, H W = 20, and Y G = 21.",
  "choices": [
    "390",
    "409.5",
    "799.5",
    "1599"
  ],
  "answer": "C",
  "detailed_solution": " ",
  "problem_type_graph": [
    "Triangle",
    "Other"
  ],
  "problem_type_goal": [
    "Area"
  ],
  "source": "Textbook 2_Chapter 11 - Areas of Polygons and Circles.pdf",
  "comment": "",
  "id": 1001,
  "annot_id": "pan_2020-03-21_21_06_58",
  "is_standard": false,
  "unit": "units^2",
  "compact_choices": [
    "390",
    "409.5",
    "799.5",
    "1599"
  ],
  "precise_value": [
    390.0,
    409.5,
    799.5,
    1599.0
  ],
  "rough_value": [
    390,
    409.5,
    799.5,
    1599
  ],
  "compact_text": "Find the area of quadrilateral XYZW if XZ = 39, HW = 20, and YG = 21.",
  "annotat_text": "Find the area of quadrilateral $XYZW$ if $XZ = 39$, $HW = 20$, and $YG = 21$.",
  "img_width": 299,
  "img_height": 315,
  "data_type": "train",
  "date": "Fri Sep 18 22:23:14 2020",
  "system": "linux"
}