{
  "problem_text": "In \\odot P, m \\widehat E N = 66 and m \\angle G P M = 89. Find m \\angle G M E.",
  "choices": [
    "57",
    "66",
    "89",
    "155"
  ],
  "answer": "A",
  "detailed_solution": " ",
  "problem_type_graph": [
    "Circle"
  ],
  "problem_type_goal": [
    "Angle"
  ],
  "source": "textbook2_chapter10.pdf page 49",
  "comment": "",
  "id": 1053,
  "annot_id": "Ran_2020-03-29_04_55_33",
  "is_standard": false,
  "compact_choices": [
    "57",
    "66",
    "89",
    "155"
  ],
  "precise_value": [
    57.0,
    66.0,
    89.0,
    155.0
  ],
  "rough_value": [
    57,
    66,
    89,
    155
  ],
  "compact_text": "In \\odot P, m \\widehat EN = 66 and m \\angle GPM = 89. Find m \\angle GME.",
  "annotat_text": "In $\\odot P, m \\widehat{E N}=66$ and $m \\angle G P M=89$ . \r\nFind $m \\angle G M E$",
  "unit": "",
  "img_width": 321,
  "img_height": 260,
  "data_type": "train",
  "date": "Fri Sep 18 22:23:14 2020",
  "system": "linux"
}